YEAR,GEOLEV1,GEOLEV2,pop,age_ave,female_share,flush_toilet
1960,591002,591002001,38220,21.11512297226583,0.4824699110413396,0.08581894296180011
1960,591002,591002002,20380,21.250245338567222,0.4946025515210991,0.10009813542688911
1960,591002,591002003,16260,22.538745387453876,0.4833948339483395,0.16482164821648215
1960,591002,591002004,18100,20.386740331491712,0.46519337016574586,0
1960,591003,591003001,78000,24.573846153846155,0.5089743589743589,0.7617948717948718
1960,591003,591003002,7320,20.603825136612024,0.46174863387978143,0.00546448087431694
1960,591003,591003003,20640,23.21608527131783,0.5155038759689923,0
1960,591004,591004001,30660,21.974559686888455,0.44031311154598823,0.2896281800391389
1960,591004,591004002,38980,23.17444843509492,0.512570548999487,0.16316059517701384
1960,591004,591004003,32660,22.15064298836497,0.4990814451928965,0.13778322106552357
1960,591004,591004004,38960,21.06570841889117,0.47638603696098564,0.09548254620123203
1960,591004,591004005,29940,20.160320641282564,0.45424181696726784,0.5657982631930528
1960,591004,591004006,36440,19.8205268935236,0.4835345773874863,0
1960,591004,591004007,11560,19.612456747404845,0.5311418685121108,0.005190311418685121
1960,591004,591004008,10780,19.144712430426715,0.5269016697588126,0
1960,591004,591004009,35640,20.077441077441076,0.4668911335578002,0.014590347923681257
1960,591004,591004010,8740,17.704805491990847,0.494279176201373,0
1960,591004,591004011,24880,20.0048231511254,0.4887459807073955,0.0040192926045016075
1960,591004,591004012,12820,22.76911076443058,0.4836193447737909,0
1960,591004,591004013,8240,23.00242718446602,0.4975728155339806,0.007281553398058253
1960,591004,591004014,10180,22.31827111984283,0.4400785854616896,0.14145383104125736
1960,591004,591004015,15940,20.179422835633627,0.45420326223337515,0.0037641154328732747
1960,591005,591005001,20320,20.030511811023622,0.46653543307086615,0.015748031496062992
1960,591006,591006001,14760,23.31571815718157,0.5067750677506775,0.46883468834688347
1960,591006,591006002,26920,21.24962852897474,0.4821693907875186,0.006686478454680535
1960,591006,591006003,19420,23.2605561277034,0.4840370751802266,0.014418125643666324
1960,591007,591007001,26380,23.36163760424564,0.5072024260803639,0.09704321455648218
1960,591007,591007002,30080,20.90492021276596,0.4867021276595745,0
1960,591007,591007003,12440,24.041800643086816,0.5144694533762058,0.10289389067524116
1960,591008,591008001,292980,24.86394975766264,0.5147109017680388,0.7508362345552597
1960,591008,591008002,13280,22.55421686746988,0.4683734939759036,0.0783132530120482
1960,591008,591008003,30220,24.71872931833223,0.47253474520185307,0.15089344804765056
1960,591008,591008004,20520,20.75243664717349,0.49415204678362573,0.042884990253411304
1960,591008,591008005,10880,24.126838235294116,0.4540441176470588,0.007352941176470588
1960,591008,591008006,7520,23.159574468085108,0.5079787234042553,0.02925531914893617
1970,591002,591002001,55620,21.226177633944623,0.47321107515282274,NA
1970,591002,591002002,26620,21.683696468820436,0.47708489857250186,NA
1970,591002,591002003,21230,22.06029203956665,0.4813942534149788,NA
1970,591002,591002004,22470,20.842011570983534,0.4695149087672452,NA
1970,591003,591003001,104880,24.377860411899313,0.4957093821510298,NA
1970,591003,591003002,11210,19.211418376449597,0.46030330062444247,NA
1970,591003,591003003,25780,22.362296353762606,0.5263770364623739,NA
1970,591004,591004001,45820,21.116979484941073,0.4321257092972501,NA
1970,591004,591004002,62470,22.62590043220746,0.5191291820073636,NA
1970,591004,591004003,44620,21.762438368444645,0.5002241147467503,NA
1970,591004,591004004,49320,21.155312246553123,0.47587185725871856,NA
1970,591004,591004005,45620,19.610697062691802,0.45550197281893906,NA
1970,591004,591004006,45050,21.09589345172031,0.4736958934517203,NA
1970,591004,591004007,13710,19.792851932895697,0.5120350109409191,NA
1970,591004,591004008,21500,19.530232558139534,0.4744186046511628,NA
1970,591004,591004009,42860,20.321278581427904,0.47153523098460104,NA
1970,591004,591004010,9690,17.246646026831787,0.49226006191950467,NA
1970,591004,591004011,18990,20.515007898894154,0.47709320695102686,NA
1970,591004,591004012,18520,22.213822894168466,0.46274298056155505,NA
1970,591004,591004013,10620,24.470809792843692,0.4858757062146893,NA
1970,591004,591004014,10730,22.806150978564773,0.4641192917054986,NA
1970,591004,591004015,20510,21.177961969770845,0.46465138956606533,NA
1970,591005,591005001,24460,20.300490596892885,0.4419460343417825,NA
1970,591006,591006001,21350,24.576580796252927,0.5330210772833723,NA
1970,591006,591006002,32510,21.78683482005537,0.4703168255921255,NA
1970,591006,591006003,23960,23.24457429048414,0.4766277128547579,NA
1970,591007,591007001,27580,26.022117476432197,0.5029006526468456,NA
1970,591007,591007002,29860,23.013730743469523,0.4675150703281983,NA
1970,591007,591007003,17130,24.5820198482195,0.5020431990659662,NA
1970,591008,591008001,474430,24.14838859262694,0.5121303458887507,NA
1970,591008,591008002,21650,23.19214780600462,0.46697459584295614,NA
1970,591008,591008003,46240,21.802984429065745,0.4919982698961938,NA
1970,591008,591008004,28680,20.188633193863318,0.46687587168758715,NA
1970,591008,591008005,19160,22.20198329853862,0.44258872651356995,NA
1970,591008,591008006,9880,23.076923076923077,0.46356275303643724,NA
1980,591002,591002001,66810,23.17976350845682,0.48301152522077534,0.09908696302948661
1980,591002,591002002,32410,23.677568651650724,0.4853440296204875,0.12434433816723234
1980,591002,591002003,28970,24.75146703486365,0.49188816016568865,0.29582326544701415
1980,591002,591002004,24460,23.519623875715453,0.437448896156991,0.010220768601798855
1980,591003,591003001,127990,25.18446753652629,0.49753887022423626,0.5765294163606531
1980,591003,591003002,15210,20.536489151873766,0.4549638395792242,0.023668639053254437
1980,591003,591003003,31720,23.228562421185373,0.5431904161412359,0.9583858764186634
1980,591004,591004001,57370,20.97577130904654,0.4535471500784382,0.6292487362733136
1980,591004,591004002,85270,24.416676439544975,0.5079160314295766,0.36495836753840744
1980,591004,591004003,61060,23.502129053390107,0.5,0.2785784474287586
1980,591004,591004004,48670,23.89973289500719,0.4838709677419355,0.131292377234436
1980,591004,591004005,62020,21.403257013866494,0.46646243147371813,0.3753627861980006
1980,591004,591004006,49040,22.918433931484504,0.4688009787928222,0.11419249592169657
1980,591004,591004007,19100,21.74502617801047,0.47591623036649217,0.5916230366492147
1980,591004,591004008,24250,21.277113402061854,0.500618556701031,0.5884536082474227
1980,591004,591004009,44310,22.81132927104491,0.4619724667118032,0.044910855337395625
1980,591004,591004010,10230,18.70772238514174,0.5141739980449658,0.7859237536656891
1980,591004,591004011,23000,22.39521739130435,0.45956521739130435,0.3943478260869565
1980,591004,591004012,22440,23.055704099821746,0.47192513368983957,0.10383244206773619
1980,591004,591004013,13430,24.352196574832465,0.4802680565897245,0.07446016381236038
1980,591004,591004014,12410,24.750201450443193,0.47300564061240935,0.29492344883158744
1980,591004,591004015,22340,23.11727842435094,0.45076096687555955,0.021038495971351837
1980,591005,591005001,29370,20.26455566905005,0.4511406196799455,0.3289070480081716
1980,591006,591006001,29520,26.183943089430894,0.5213414634146342,0.4600271002710027
1980,591006,591006002,34090,23.741273100616016,0.46289234379583455,0.028747433264887063
1980,591006,591006003,26260,25.746001523229246,0.4767707539984768,0.053313023610053314
1980,591007,591007001,28390,29.49383585769637,0.5040507220852413,0.18809439943642128
1980,591007,591007002,26930,25.73486817675455,0.4626810248793167,0.031191979205347196
1980,591007,591007003,20970,27.668574153552694,0.4830710538865045,0.17882689556509299
1980,591008,591008001,686680,25.149516514242443,0.5163977398497116,0.642293353527116
1980,591008,591008002,42860,23.671955202986467,0.4829678021465236,0.20041997200186654
1980,591008,591008003,73080,23.379720853858785,0.49917898193760263,0.2560207991242474
1980,591008,591008004,35370,23.000848176420696,0.46225614927905007,0.04438789934973141
1980,591008,591008005,27070,23.301440709272256,0.449205762837089,0.12301440709272257
1980,591008,591008006,12670,25.26282557221784,0.47198105761641673,0.10970797158642462
1990,591002,591002001,76180,25.11236545024941,0.47335258598057234,NA
1990,591002,591002002,37730,24.72038165915717,0.4757487410548635,NA
1990,591002,591002003,32860,27.628423615337798,0.5106512477175897,NA
1990,591002,591002004,27140,24.652910832719233,0.4539425202652911,NA
1990,591003,591003001,151280,25.279217345319935,0.502644103648863,NA
1990,591003,591003002,17730,21.617597292724195,0.45459672870840384,NA
1990,591003,591003003,34040,23.785546415981198,0.535840188014101,NA
1990,591004,591004001,85540,21.381575870937574,0.44996492868833293,NA
1990,591004,591004002,103200,26.798837209302327,0.5111434108527132,NA
1990,591004,591004003,69880,26.0220377790498,0.504722381224957,NA
1990,591004,591004004,56890,25.644225698716824,0.4811038846897521,NA
1990,591004,591004005,76150,23.528693368351938,0.46119500984898226,NA
1990,591004,591004006,56530,23.657703874049176,0.46081726516893684,NA
1990,591004,591004007,23000,22.213478260869564,0.4865217391304348,NA
1990,591004,591004008,32210,22.044396150263893,0.49332505433095314,NA
1990,591004,591004009,46560,24.801975945017183,0.4581185567010309,NA
1990,591004,591004010,18170,19.332966428178317,0.4876169510181618,NA
1990,591004,591004011,26370,23.151687523701174,0.46909366704588545,NA
1990,591004,591004012,23800,26.064705882352943,0.4546218487394958,NA
1990,591004,591004013,13100,29.121374045801527,0.47557251908396947,NA
1990,591004,591004014,13490,27.0941438102298,0.4573758339510749,NA
1990,591004,591004015,21240,26.572033898305083,0.4354990583804143,NA
1990,591005,591005001,44770,22.275184275184277,0.4413669868215323,NA
1990,591006,591006001,34610,28.7370702109217,0.5111239526148512,NA
1990,591006,591006002,31100,26.769774919614147,0.46527331189710613,NA
1990,591006,591006003,26740,29.405759162303664,0.4741959611069559,NA
1990,591007,591007001,30150,31.89452736318408,0.5064676616915423,NA
1990,591007,591007002,25330,29.16975917883932,0.45716541650217135,NA
1990,591007,591007003,21640,30.891404805914974,0.4953789279112754,NA
1990,591008,591008001,825020,26.982751933286465,0.5140117815325689,NA
1990,591008,591008002,64310,25.608770020214585,0.4913699269164982,NA
1990,591008,591008003,90050,26.258300943920045,0.5008328706274292,NA
1990,591008,591008004,40080,26.265968063872254,0.46407185628742514,NA
1990,591008,591008005,34530,24.63799594555459,0.4462785983203012,NA
1990,591008,591008006,15940,27.233375156838143,0.47176913425345046,NA
2000,591002,591002001,89050,26.783941605839416,0.48489612577203817,0.21268950028074116
2000,591002,591002002,44180,27.44929832503395,0.48890900860117703,0.24875509280217292
2000,591002,591002003,39090,29.972627270401638,0.4993604502430289,0.5021744691737017
2000,591002,591002004,28530,26.847178408692603,0.45986680686996145,0.08552400981423064
2000,591003,591003001,184400,26.411117136659435,0.4947939262472885,0.6574295010845987
2000,591003,591003002,17980,23.81701890989989,0.4610678531701891,0.06451612903225806
2000,591003,591003003,32040,25.713171036204745,0.5305867665418227,0.0028089887640449437
2000,591004,591004001,108730,22.293755173365216,0.4870780833256691,0.43502253287961007
2000,591004,591004002,127310,29.1175084439557,0.5065587934961904,0.6492027334851936
2000,591004,591004003,84940,28.48610784082882,0.5031787143866259,0.4925829997645397
2000,591004,591004004,68780,27.98211689444606,0.4858970630997383,0.41829020063972083
2000,591004,591004005,78810,25.828448166476335,0.47722370257581526,0.38599162542824517
2000,591004,591004006,57720,26.226784476784477,0.46465696465696466,0.04227304227304227
2000,591004,591004007,27540,22.854756717501814,0.4891067538126362,0.05664488017429194
2000,591004,591004008,39390,21.764407209951763,0.5019040365575019,0.019801980198019802
2000,591004,591004009,43340,28.777803414859253,0.4580064605445316,0.10221504383940933
2000,591004,591004010,25330,19.45519147256218,0.5009869719699961,0.0682984603237268
2000,591004,591004011,32880,23.951946472019465,0.503345498783455,0.06873479318734793
2000,591004,591004012,26880,29.02827380952381,0.46242559523809523,0.27232142857142855
2000,591004,591004013,18390,29.261555193039694,0.49592169657422513,0.47417074497009243
2000,591004,591004014,17240,29.446635730858468,0.4611368909512761,0.5075406032482599
2000,591004,591004015,21530,28.927542963307012,0.44960520204366,0.0566651184393869
2000,591005,591005001,49190,23.451717828826997,0.4572067493392966,0.03374669648302501
2000,591006,591006001,41900,31.183770883054894,0.5159904534606206,0.7434367541766109
2000,591006,591006002,31970,29.112918360963402,0.4726305911792305,0.11354394745073507
2000,591006,591006003,28280,31.424328147100425,0.4872701555869873,0.2079207920792079
2000,591007,591007001,35020,34.223872073101084,0.5091376356367789,0.4671616219303255
2000,591007,591007002,26230,30.95043842927945,0.4643537933663744,0.1490659550133435
2000,591007,591007003,23870,32.90490155006284,0.5006284038542103,0.3971512358609133
2000,591008,591008001,1005000,28.897452736318407,0.5079203980099503,0.6889253731343283
2000,591008,591008002,150980,26.41283613723672,0.49483375281494235,0.5270896807524176
2000,591008,591008003,124950,27.535414165666268,0.5090836334533814,0.3981592637054822
2000,591008,591008004,49200,26.671341463414635,0.46199186991869917,0.20203252032520325
2000,591008,591008005,40480,25.984930830039527,0.4505928853754941,0.13784584980237155
2000,591008,591008006,19620,29.251274209989806,0.47706422018348627,0.3577981651376147
2010,591002,591002001,103900,29.75206929740135,0.4913378248315688,0.36804619826756496
2010,591002,591002002,53980,30.773249351611707,0.48703223416080027,0.36420896628380883
2010,591002,591002003,42930,32.61868157465642,0.5026787794083392,0.7023060796645703
2010,591002,591002004,31660,30.236576121288692,0.47599494630448513,0.13708149084017687
2010,591003,591003001,218930,28.682912346412095,0.4912529118896451,0.741698259717718
2010,591003,591003002,23740,25.671861836562762,0.44608256107834876,0.13563605728727884
2010,591003,591003003,32210,27.185656628376282,0.5259236262030426,0.033529959639863396
2010,591004,591004001,155500,23.016398713826366,0.47961414790996787,0.42778135048231514
2010,591004,591004002,144930,31.914924446284413,0.5032774442834472,0.7553301593872904
2010,591004,591004003,99420,31.229128947897806,0.5063367531683766,0.6667672500502917
2010,591004,591004004,79590,30.820957406709386,0.4862419901997738,0.5915315994471667
2010,591004,591004005,77110,28.884580469459213,0.4820386460900013,0.4323693424977305
2010,591004,591004006,58940,28.621140142517813,0.4718357651849338,0.06922293858160841
2010,591004,591004007,39830,22.601807682651266,0.5003766005523475,0.075822244539292
2010,591004,591004008,48060,22.8458177278402,0.5072825634623388,0.039950062421972535
2010,591004,591004009,44900,32.69621380846325,0.4665924276169265,0.22628062360801782
2010,591004,591004010,42840,20.308356676003736,0.5021008403361344,0.08893557422969188
2010,591004,591004011,41380,24.392943450942486,0.5012083131947801,0.13533107781536974
2010,591004,591004012,30640,30.296997389033944,0.4804177545691906,0.42721932114882505
2010,591004,591004013,24160,32.29387417218543,0.5074503311258278,0.7723509933774835
2010,591004,591004014,21330,31.957337083919363,0.4739803094233474,0.6657290201593999
2010,591004,591004015,21270,33.43394452280207,0.4400564174894217,0.1626704278326281
2010,591005,591005001,57880,26.231340704906703,0.4614720110573601,0.09001382170006911
2010,591006,591006001,50780,33.98798739661284,0.5285545490350532,0.8507286333202048
2010,591006,591006002,30620,33.87818419333769,0.46472893533638143,0.22207707380796865
2010,591006,591006003,28820,34.70680083275503,0.47779319916724494,0.3566967383761277
2010,591007,591007001,37470,37.54496930878036,0.503069121964238,0.6357085668534828
2010,591007,591007002,27290,36.006962257237085,0.48002931476731403,0.3294246976914621
2010,591007,591007003,26300,36.43003802281369,0.5121673003802282,0.5300380228136882
2010,591008,591008001,1197310,31.2497932866175,0.5091747333606167,0.7772423181966241
2010,591008,591008002,220760,29.10753759739083,0.5054810654104004,0.7054720057981518
2010,591008,591008003,160900,30.378931013051584,0.5014294592914854,0.5528899937849596
2010,591008,591008004,58150,29.383319002579537,0.48116938950988825,0.3159071367153912
2010,591008,591008005,52360,27.59816653934301,0.47192513368983957,0.2652788388082506
2010,591008,591008006,24780,31.232849071832124,0.47296206618240516,0.5230024213075061
