name,iso3c,year,pop,births,tfr,sex_ratio,deaths,e0,imr,net,grp_income,grp_develop
Brunei,BRN,1950,48.297,2.348,6.977,107,0.842,50.565,128.595,1.375,upper,less
Brunei,BRN,1951,51.19,2.558,7.028,107,0.884,51.538,121.147,1.239,upper,less
Brunei,BRN,1952,54.233,2.711,7.1,106.9,0.908,52.439,114.095,1.369,upper,less
Brunei,BRN,1953,57.559,2.888,7.2,106.9,0.925,53.322,107.307,1.51,upper,less
Brunei,BRN,1954,61.209,3.085,7.308,106.9,0.941,54.169,100.803,1.693,upper,less
Brunei,BRN,1955,65.21,3.29,7.397,106.8,0.958,54.978,94.585,1.84,upper,less
Brunei,BRN,1956,69.548,3.494,7.448,106.7,0.974,55.74,88.66,1.972,upper,less
Brunei,BRN,1957,74.164,3.699,7.476,106.6,0.987,56.51,83.022,2.029,upper,less
Brunei,BRN,1958,78.972,3.893,7.475,106.4,0.998,57.265,77.671,1.976,upper,less
Brunei,BRN,1959,83.842,4.054,7.421,106.4,1.003,58.02,72.573,1.809,upper,less
Brunei,BRN,1960,88.347,4.173,7.322,106.5,1.004,58.721,67.856,0.982,upper,less
Brunei,BRN,1961,92.517,4.161,7.185,106.6,0.986,59.387,63.542,1.014,upper,less
Brunei,BRN,1962,96.719,4.144,7.03,106.6,1.016,58.824,59.63,1.088,upper,less
Brunei,BRN,1963,101.159,4.146,6.893,106.7,0.952,60.625,56.088,1.469,upper,less
Brunei,BRN,1964,105.922,4.207,6.773,106.8,0.944,61.267,52.854,1.595,upper,less
Brunei,BRN,1965,110.838,4.273,6.647,106.8,0.947,61.721,50.092,1.655,upper,less
Brunei,BRN,1966,115.874,4.343,6.514,106.7,0.939,62.401,47.308,1.697,upper,less
Brunei,BRN,1967,121.017,4.418,6.372,106.6,0.94,62.909,44.876,1.703,upper,less
Brunei,BRN,1968,126.222,4.489,6.204,106.6,0.938,63.47,42.615,1.677,upper,less
Brunei,BRN,1969,131.446,4.557,6.008,106.7,0.938,63.963,40.5,1.608,upper,less
Brunei,BRN,1970,135.138,4.631,5.801,106.7,0.936,64.49,38.412,-1.538,upper,less
Brunei,BRN,1971,137.921,4.776,5.619,106.8,0.897,64.975,36.317,-0.476,upper,less
Brunei,BRN,1972,142.189,4.956,5.5,106.9,0.871,65.447,34.186,1.053,upper,less
Brunei,BRN,1973,147.369,5.08,5.355,106.9,0.864,65.95,32.02,1.007,upper,less
Brunei,BRN,1974,152.656,5.192,5.183,106.9,0.859,66.442,29.817,1.011,upper,less
Brunei,BRN,1975,158.07,5.285,4.99,106.9,0.853,66.95,27.632,1.047,upper,less
Brunei,BRN,1976,163.607,5.37,4.784,106.9,0.851,67.411,25.501,1.08,upper,less
Brunei,BRN,1977,169.277,5.446,4.58,106.9,0.852,67.833,23.461,1.157,upper,less
Brunei,BRN,1978,174.884,5.521,4.389,106.9,0.854,68.258,21.545,0.791,upper,less
Brunei,BRN,1979,180.422,5.573,4.216,106.9,0.856,68.642,19.779,0.899,upper,less
Brunei,BRN,1980,186.111,5.635,4.067,107,0.861,69.014,18.186,0.995,upper,less
Brunei,BRN,1981,191.977,5.707,3.943,106.9,0.869,69.344,16.773,1.124,upper,less
Brunei,BRN,1982,198.165,5.81,3.841,106.9,0.878,69.669,15.543,1.475,upper,less
Brunei,BRN,1983,204.741,6.028,3.751,106.9,0.89,69.991,14.496,1.602,upper,less
Brunei,BRN,1984,211.661,6.279,3.68,106.8,0.907,70.236,13.621,1.722,upper,less
Brunei,BRN,1985,218.919,6.542,3.612,106.9,0.923,70.499,12.908,1.808,upper,less
Brunei,BRN,1986,226.495,6.764,3.549,107.1,0.938,70.762,12.342,1.897,upper,less
Brunei,BRN,1987,233.86,6.973,3.491,107.2,0.956,70.982,11.905,0.994,upper,less
Brunei,BRN,1988,240.913,7.108,3.435,107.3,0.973,71.183,11.574,0.962,upper,less
Brunei,BRN,1989,248.064,7.19,3.364,107.2,0.987,71.408,11.326,1.002,upper,less
Brunei,BRN,1990,255.292,7.268,3.29,107.2,1.003,71.629,11.134,0.992,upper,less
Brunei,BRN,1991,262.596,7.276,3.206,107.2,1.017,71.858,10.967,1.087,upper,less
Brunei,BRN,1992,269.839,7.198,3.111,107.1,1.029,72.09,10.804,0.969,upper,less
Brunei,BRN,1993,276.971,7.083,3.007,107.2,1.037,72.333,10.626,1.082,upper,less
Brunei,BRN,1994,284.091,6.954,2.901,107.2,1.047,72.571,10.418,1.206,upper,less
Brunei,BRN,1995,291.195,6.805,2.787,107.2,1.056,72.838,10.178,1.348,upper,less
Brunei,BRN,1996,298.276,6.674,2.681,107.3,1.067,73.079,9.909,1.464,upper,less
Brunei,BRN,1997,305.341,6.599,2.6,107.3,1.08,73.326,9.623,1.533,upper,less
Brunei,BRN,1998,312.385,6.56,2.533,107.2,1.094,73.584,9.332,1.566,upper,less
Brunei,BRN,1999,319.411,6.5,2.461,107.2,1.112,73.806,9.051,1.639,upper,less
Brunei,BRN,2000,326.424,6.464,2.398,107,1.133,74.017,8.793,1.66,upper,less
Brunei,BRN,2001,333.345,6.433,2.337,106.9,1.157,74.209,8.567,1.569,upper,less
Brunei,BRN,2002,340.099,6.355,2.264,106.7,1.186,74.365,8.38,1.499,upper,less
Brunei,BRN,2003,346.637,6.252,2.185,106.7,1.217,74.509,8.235,1.383,upper,less
Brunei,BRN,2004,352.911,6.128,2.104,106.7,1.255,74.603,8.13,1.261,upper,less
Brunei,BRN,2005,358.916,5.998,2.024,106.8,1.296,74.683,8.062,1.163,upper,less
Brunei,BRN,2006,364.663,5.93,1.969,106.9,1.34,74.753,8.028,1.03,upper,less
Brunei,BRN,2007,370.873,5.913,1.933,107.1,1.391,74.793,8.02,2.291,upper,less
Brunei,BRN,2008,377.793,6.05,1.918,107.2,1.426,74.814,8.033,2.409,upper,less
Brunei,BRN,2009,384.952,6.252,1.921,107.4,1.464,74.814,8.062,2.489,upper,less
Brunei,BRN,2010,392.332,6.504,1.937,107.4,1.501,74.82,8.1,2.479,upper,less
Brunei,BRN,2011,399.389,6.776,1.957,107.5,1.535,74.835,8.14,1.399,upper,less
Brunei,BRN,2012,405.557,6.933,1.973,107.7,1.585,74.843,8.181,0.346,upper,less
Brunei,BRN,2013,411.202,6.955,1.978,107.9,1.652,74.854,8.217,0.285,upper,less
Brunei,BRN,2014,416.75,6.929,1.969,108.1,1.723,74.862,8.244,0.303,upper,less
Brunei,BRN,2015,422.212,6.856,1.947,108.3,1.797,74.88,8.263,0.356,upper,less
Brunei,BRN,2016,427.564,6.749,1.915,108.4,1.873,74.905,8.271,0.415,upper,less
Brunei,BRN,2017,432.772,6.636,1.881,108.5,1.951,74.943,8.269,0.44,upper,less
Brunei,BRN,2018,437.81,6.534,1.848,108.4,2.032,74.992,8.256,0.45,upper,less
Brunei,BRN,2019,442.68,6.451,1.819,108.2,2.115,75.049,8.235,0.456,upper,less
Brunei,BRN,2020,447.404,6.391,1.796,108,2.202,75.114,8.207,0.462,upper,less
Brunei,BRN,2021,451.721,6.351,1.778,107.9,2.366,74.869,8.174,0,upper,less
Brunei,BRN,2022,455.37,6.305,1.764,107.7,2.987,72.917,8.137,0,upper,less
Brunei,BRN,2023,458.949,6.237,1.747,107.6,2.4,75.327,8.101,0,upper,less
Cambodia,KHM,1950,4375.257,203.959,6.53,105.3,106.298,38.859,166.612,1.856,lower-middle,less-least
Cambodia,KHM,1951,4475.692,207.892,6.514,105.3,107.951,39.037,164.995,1.415,lower-middle,less-least
Cambodia,KHM,1952,4577.961,212.207,6.509,105.3,109.123,39.339,163.347,0.094,lower-middle,less-least
Cambodia,KHM,1953,4680.45,217.022,6.519,105.3,110.441,39.618,161.67,-4.781,lower-middle,less-least
Cambodia,KHM,1954,4783.833,221.025,6.516,105.3,111.6,39.905,159.921,-4.464,lower-middle,less-least
Cambodia,KHM,1955,4890.372,225.581,6.526,105.3,112.519,40.253,158.083,-4.946,lower-middle,less-least
Cambodia,KHM,1956,4999.484,229.292,6.509,105.3,113.772,40.504,156.139,-5.408,lower-middle,less-least
Cambodia,KHM,1957,5110.434,232.628,6.481,105.3,114.429,40.871,154.09,-6.406,lower-middle,less-least
Cambodia,KHM,1958,5220.834,234.92,6.425,105.3,115.018,41.218,151.948,-10.894,lower-middle,less-least
Cambodia,KHM,1959,5332.93,236.47,6.361,105.3,115.022,41.652,149.732,-6.266,lower-middle,less-least
Cambodia,KHM,1960,5449.966,239.161,6.313,105.3,114.925,42.134,147.467,-5.339,lower-middle,less-least
Cambodia,KHM,1961,5571.168,243.398,6.302,105.3,115.139,42.588,145.187,-4.764,lower-middle,less-least
Cambodia,KHM,1962,5697.558,248.207,6.301,105.3,115.35,43.079,142.917,-3.578,lower-middle,less-least
Cambodia,KHM,1963,5823.01,253.003,6.292,105.3,115.441,43.612,140.68,-15.929,lower-middle,less-least
Cambodia,KHM,1964,5946.178,257.01,6.288,105.3,115.797,44.044,138.492,-16.516,lower-middle,less-least
Cambodia,KHM,1965,6072.289,260.444,6.267,105.3,115.989,44.497,136.349,-16.93,lower-middle,less-least
Cambodia,KHM,1966,6201.232,263.738,6.237,105.3,116.156,44.948,134.3,-17.216,lower-middle,less-least
Cambodia,KHM,1967,6332.944,267.148,6.201,105.3,117.105,45.193,132.361,-16.983,lower-middle,less-least
Cambodia,KHM,1968,6467.324,271.038,6.165,105.3,117.596,45.586,130.582,-17.745,lower-middle,less-least
Cambodia,KHM,1969,6604.725,275.097,6.124,105.3,118.324,45.935,129.01,-17.676,lower-middle,less-least
Cambodia,KHM,1970,6639.182,278.911,6.071,105.3,156.079,38.628,127.681,-193.008,lower-middle,less-least
Cambodia,KHM,1971,6620.88,266.715,6.007,105.3,152.906,38.7,126.586,-80.232,lower-middle,less-least
Cambodia,KHM,1972,6673.886,264.715,5.943,105.3,151.524,38.909,125.701,-40.764,lower-middle,less-least
Cambodia,KHM,1973,6739.726,251.987,5.559,105.4,150.677,39.078,124.941,-42.053,lower-middle,less-least
Cambodia,KHM,1974,6783.24,220.38,4.797,105.4,147.38,39.296,124.181,-45.225,lower-middle,less-least
Cambodia,KHM,1975,6581.371,185.959,4.103,105.4,569.761,12.784,167.608,-47.717,lower-middle,less-least
Cambodia,KHM,1976,6134.991,147.296,3.409,105.4,555.801,11.632,176.362,-52.741,lower-middle,less-least
Cambodia,KHM,1977,5668.551,110.966,2.716,105.4,527.086,11.295,177.42,-55.504,lower-middle,less-least
Cambodia,KHM,1978,5211.653,132.018,3.338,105.4,489.493,11.573,172.839,-84.695,lower-middle,less-least
Cambodia,KHM,1979,5088.808,176.711,4.556,105.5,98.566,41.072,117.458,118.334,lower-middle,less-least
Cambodia,KHM,1980,5199.872,245.426,5.774,105.5,86.269,47.498,115.28,-133.508,lower-middle,less-least
Cambodia,KHM,1981,5284.495,254.786,6.042,105.4,88.207,48.035,112.82,-22.982,lower-middle,less-least
Cambodia,KHM,1982,5436.432,269.636,6.193,105.4,89.334,48.755,110.14,-20.026,lower-middle,less-least
Cambodia,KHM,1983,5636.203,283.685,6.296,105.4,90.84,49.383,107.21,46.428,lower-middle,less-least
Cambodia,KHM,1984,5845.117,300.525,6.338,105.2,92.828,50.089,104.124,-29.141,lower-middle,less-least
Cambodia,KHM,1985,6043.783,307.427,6.313,105.1,93.331,50.799,100.973,4.677,lower-middle,less-least
Cambodia,KHM,1986,6285.693,315.362,6.226,105,93.676,51.555,97.841,43.356,lower-middle,less-least
Cambodia,KHM,1987,6557.97,324.796,6.097,104.9,89.73,53.674,94.964,44.442,lower-middle,less-least
Cambodia,KHM,1988,6812.014,333.402,5.944,104.9,90.198,54.433,92.518,-14.627,lower-middle,less-least
Cambodia,KHM,1989,7073.473,330.058,5.681,104.9,90.844,54.768,90.657,55.125,lower-middle,less-least
Cambodia,KHM,1990,7374.752,341.965,5.642,104.9,92.189,55.205,89.375,58.455,lower-middle,less-least
Cambodia,KHM,1991,7686.85,351.756,5.588,104.8,94.051,55.582,88.882,58.264,lower-middle,less-least
Cambodia,KHM,1992,8113.083,356.968,5.486,104.7,96.297,55.747,88.571,275.823,lower-middle,less-least
Cambodia,KHM,1993,8616.381,382.935,5.433,104.7,100.714,56.036,88.691,187.883,lower-middle,less-least
Cambodia,KHM,1994,9239.162,391.232,5.281,104.7,104.508,56.221,89.421,488.732,lower-middle,less-least
Cambodia,KHM,1995,10018.497,388.899,5.076,104.8,108.726,56.562,89.096,503.042,lower-middle,less-least
Cambodia,KHM,1996,10801.27,386.8,4.867,104.8,112.657,56.832,88.945,508.187,lower-middle,less-least
Cambodia,KHM,1997,11570.982,366.448,4.395,104.9,114.097,57.266,87.704,504.742,lower-middle,less-least
Cambodia,KHM,1998,12058.173,366.081,4.13,104.9,115.009,57.859,85.564,-33.781,lower-middle,less-least
Cambodia,KHM,1999,12265.731,357.184,3.933,104.9,111.75,58.611,82.292,-47.608,lower-middle,less-least
Cambodia,KHM,2000,12462.336,354.758,3.794,105,108.419,59.491,78.252,-50.957,lower-middle,less-least
Cambodia,KHM,2001,12658.484,355.824,3.687,105,105.106,60.457,72.918,-53.815,lower-middle,less-least
Cambodia,KHM,2002,12855.241,353.882,3.57,104.9,102.024,61.395,67.451,-55.245,lower-middle,less-least
Cambodia,KHM,2003,13050.968,350.806,3.429,105,98.928,62.345,62.046,-57.026,lower-middle,less-least
Cambodia,KHM,2004,13244.731,347.814,3.307,105,96.17,63.256,57.028,-58.972,lower-middle,less-least
Cambodia,KHM,2005,13439.202,350.813,3.238,105,94.066,64.113,52.525,-60.473,lower-middle,less-least
Cambodia,KHM,2006,13639.028,356.349,3.175,105.1,92.645,64.886,48.517,-60.315,lower-middle,less-least
Cambodia,KHM,2007,13841.77,362.784,3.13,105.1,92.035,65.549,44.988,-68.653,lower-middle,less-least
Cambodia,KHM,2008,14053.479,363.698,3.048,105.1,91.579,66.147,41.721,-50.809,lower-middle,less-least
Cambodia,KHM,2009,14276.81,365.845,2.971,105.1,91.147,66.747,38.777,-49.354,lower-middle,less-least
Cambodia,KHM,2010,14500.726,363.038,2.859,105.1,90.768,67.311,36.088,-49.781,lower-middle,less-least
Cambodia,KHM,2011,14722.584,362.638,2.782,105.1,90.466,67.869,33.824,-50.941,lower-middle,less-least
Cambodia,KHM,2012,14945.085,367.322,2.751,105.1,90.674,68.371,31.477,-52.874,lower-middle,less-least
Cambodia,KHM,2013,15170.208,372.579,2.742,105.1,91.56,68.755,29.712,-54.554,lower-middle,less-least
Cambodia,KHM,2014,15396.772,375.729,2.734,105.1,92.531,69.117,27.948,-56.536,lower-middle,less-least
Cambodia,KHM,2015,15623.251,378.364,2.729,105.1,93.967,69.398,26.479,-58.101,lower-middle,less-least
Cambodia,KHM,2016,15852.803,379.768,2.725,105.2,95.64,69.635,25.226,-51.324,lower-middle,less-least
Cambodia,KHM,2017,16073.372,380.213,2.719,105.2,97.512,69.842,24.119,-74.362,lower-middle,less-least
Cambodia,KHM,2018,16274.522,380.367,2.724,105.2,99.702,69.993,23.124,-86.702,lower-middle,less-least
Cambodia,KHM,2019,16481.304,378.867,2.725,105.2,102,70.127,22.229,-57.268,lower-middle,less-least
Cambodia,KHM,2020,16725.474,374.795,2.699,105.2,106.051,70.059,21.404,0,lower-middle,less-least
Cambodia,KHM,2021,16974.305,371.827,2.664,105.2,115.876,69.301,20.621,-27.025,lower-middle,less-least
Cambodia,KHM,2022,17201.724,366.027,2.616,105.2,108.772,70.528,19.905,-31.35,lower-middle,less-least
Cambodia,KHM,2023,17423.88,361.586,2.579,105.2,111.34,70.668,19.187,-31.837,lower-middle,less-least
Indonesia,IDN,1950,68799.025,2783.163,5.109,106,1435.162,40.207,180.897,88.611,upper-middle,less
Indonesia,IDN,1951,70286.303,2892.411,5.159,106,1444.301,40.834,177.203,89.837,upper-middle,less
Indonesia,IDN,1952,71876.432,3005.894,5.21,105.9,1454.164,41.539,173.442,90.588,upper-middle,less
Indonesia,IDN,1953,73569.144,3120.435,5.256,105.9,1468.486,42.208,169.735,91.15,upper-middle,less
Indonesia,IDN,1954,75367.369,3244.91,5.314,105.9,1483.243,42.909,166.009,91.679,upper-middle,less
Indonesia,IDN,1955,77273.507,3365.766,5.362,105.8,1499.259,43.592,162.304,92.424,upper-middle,less
Indonesia,IDN,1956,79282.549,3477.703,5.393,105.7,1512.16,44.304,158.586,93.609,upper-middle,less
Indonesia,IDN,1957,81390.834,3586.852,5.418,105.7,1524.871,44.992,155.019,95.429,upper-middle,less
Indonesia,IDN,1958,83592.762,3699.36,5.448,105.7,1550.793,45.418,151.517,97.881,upper-middle,less
Indonesia,IDN,1959,85892.869,3810.136,5.476,105.7,1556.249,46.2,148.125,99.887,upper-middle,less
Indonesia,IDN,1960,88296.07,3919.585,5.505,105.7,1568.6,46.835,144.838,101.631,upper-middle,less
Indonesia,IDN,1961,90791.249,4017.562,5.522,105.7,1583.457,47.385,141.658,103.628,upper-middle,less
Indonesia,IDN,1962,93375.85,4109.792,5.534,105.7,1584.577,48.141,138.528,106.264,upper-middle,less
Indonesia,IDN,1963,96051.424,4202.713,5.551,105.7,1593.205,48.742,135.484,110.166,upper-middle,less
Indonesia,IDN,1964,98833.749,4294.836,5.568,105.7,1594.676,49.44,132.377,144.819,upper-middle,less
Indonesia,IDN,1965,101365.13,4390.058,5.593,105.7,2111.122,42.762,140.617,-61.145,upper-middle,less
Indonesia,IDN,1966,103792.754,4444.55,5.593,105.6,1729.451,48.406,127.669,-77.645,upper-middle,less
Indonesia,IDN,1967,106526.393,4495.626,5.583,105.6,1585.669,51.309,123.141,-80.138,upper-middle,less
Indonesia,IDN,1968,109450.006,4545.921,5.568,105.6,1584.249,51.888,120.098,55.731,upper-middle,less
Indonesia,IDN,1969,112517.639,4611.695,5.553,105.6,1576.784,52.588,116.918,82.955,upper-middle,less
Indonesia,IDN,1970,115657.495,4649.581,5.488,105.6,1569.1,53.254,113.857,81.368,upper-middle,less
Indonesia,IDN,1971,118833.702,4676.455,5.397,105.5,1565.15,53.823,110.877,79.264,upper-middle,less
Indonesia,IDN,1972,122039.841,4712.199,5.315,105.6,1562.499,54.364,107.981,72.007,upper-middle,less
Indonesia,IDN,1973,125288.515,4771.017,5.246,105.6,1560.364,54.916,105.068,64.991,upper-middle,less
Indonesia,IDN,1974,128555.045,4750.942,5.089,105.6,1554.717,55.443,102.247,61.188,upper-middle,less
Indonesia,IDN,1975,131843.848,4813.924,5.032,105.6,1550.123,55.998,99.538,56.386,upper-middle,less
Indonesia,IDN,1976,135173.655,4844.037,4.921,105.8,1552.622,56.445,96.935,48.01,upper-middle,less
Indonesia,IDN,1977,138533.541,4875.503,4.807,105.9,1540.76,57.09,94.364,45.61,upper-middle,less
Indonesia,IDN,1978,141953.163,4954.155,4.732,106,1541.173,57.607,91.924,45.911,upper-middle,less
Indonesia,IDN,1979,145434.834,4997.095,4.625,106.1,1536.548,58.18,89.564,43.9,upper-middle,less
Indonesia,IDN,1980,148950.54,5017.48,4.495,106.3,1532.758,58.701,87.197,42.254,upper-middle,less
Indonesia,IDN,1981,152485.035,5034.172,4.356,106.4,1536.866,59.096,84.91,44.71,upper-middle,less
Indonesia,IDN,1982,156052.152,5071.779,4.247,106.6,1526.361,59.7,82.599,46.792,upper-middle,less
Indonesia,IDN,1983,159651.381,5069.385,4.109,106.7,1510.519,60.343,80.256,47.375,upper-middle,less
Indonesia,IDN,1984,163251.124,5049.254,3.956,106.8,1499.689,60.891,77.929,43.693,upper-middle,less
Indonesia,IDN,1985,166776.185,4905.103,3.725,106.9,1485.686,61.387,75.526,37.451,upper-middle,less
Indonesia,IDN,1986,170175.065,4790.986,3.53,106.8,1481.093,61.736,73.132,30.988,upper-middle,less
Indonesia,IDN,1987,173511.154,4786.663,3.42,106.9,1482.071,62.087,70.695,26.705,upper-middle,less
Indonesia,IDN,1988,176855.065,4822.964,3.353,107,1491.828,62.386,68.227,25.383,upper-middle,less
Indonesia,IDN,1989,180201.63,4801.113,3.247,106.9,1484.41,62.883,65.727,19.905,upper-middle,less
Indonesia,IDN,1990,183501.098,4735.739,3.114,106.9,1484.947,63.249,63.232,11.539,upper-middle,less
Indonesia,IDN,1991,186778.238,4771.472,3.058,106.9,1482.619,63.703,60.736,3.096,upper-middle,less
Indonesia,IDN,1992,190043.744,4717.293,2.95,106.9,1475.616,64.182,58.298,-2.609,upper-middle,less
Indonesia,IDN,1993,193305.168,4742.367,2.9,106.8,1455.095,64.851,55.851,-3.485,upper-middle,less
Indonesia,IDN,1994,196591.828,4769.947,2.851,106.6,1477.838,65.041,53.502,-2.575,upper-middle,less
Indonesia,IDN,1995,199888.057,4803.061,2.809,106.5,1498.505,65.263,51.229,-1.643,upper-middle,less
Indonesia,IDN,1996,203204.348,4854.339,2.782,106.4,1522.825,65.465,49.048,-1.854,upper-middle,less
Indonesia,IDN,1997,206536.095,4874.197,2.742,106.3,1536.02,65.774,46.987,-4.334,upper-middle,less
Indonesia,IDN,1998,209826.788,4819.179,2.66,106.3,1560.266,65.942,44.971,-11.356,upper-middle,less
Indonesia,IDN,1999,213004.668,4730.769,2.568,106.3,1593.769,66.001,43.07,-28.799,upper-middle,less
Indonesia,IDN,2000,216077.79,4686.376,2.503,106.3,1605.639,66.292,41.259,-42.697,upper-middle,less
Indonesia,IDN,2001,219097.902,4685.685,2.466,106.3,1619.253,66.583,39.543,-64.255,upper-middle,less
Indonesia,IDN,2002,222088.495,4687.565,2.436,106.3,1624.575,66.954,37.901,-83.985,upper-middle,less
Indonesia,IDN,2003,225048.008,4688.692,2.41,106.3,1650.937,67.134,36.357,-97.732,upper-middle,less
Indonesia,IDN,2004,227926.649,4739.873,2.415,106.2,1845.609,65.521,36.858,-77.002,upper-middle,less
Indonesia,IDN,2005,230871.65,4852.37,2.452,106.2,1702.847,67.531,33.491,-76.784,upper-middle,less
Indonesia,IDN,2006,233951.652,4899.748,2.457,106.1,1736.661,67.664,32.253,-75.829,upper-middle,less
Indonesia,IDN,2007,237062.337,4970.646,2.476,106.1,1759.193,67.914,30.932,-77.338,upper-middle,less
Indonesia,IDN,2008,240157.903,4925.996,2.44,106,1787.618,68.085,29.714,-81.364,upper-middle,less
Indonesia,IDN,2009,243220.028,4955.5,2.442,106,1814.619,68.267,28.595,-73.655,upper-middle,less
Indonesia,IDN,2010,246305.322,5015.256,2.462,106,1854.129,68.364,27.52,-57.752,upper-middle,less
Indonesia,IDN,2011,249470.032,5141.881,2.515,106,1875.287,68.629,26.46,-40.543,upper-middle,less
Indonesia,IDN,2012,252698.525,5157.679,2.514,106,1897.868,68.862,25.463,-28.869,upper-middle,less
Indonesia,IDN,2013,255852.467,5025.781,2.441,106,1921.334,69.064,24.509,-27.507,upper-middle,less
Indonesia,IDN,2014,258877.399,4942.318,2.393,105.9,1941.419,69.292,23.593,-27.988,upper-middle,less
Indonesia,IDN,2015,261799.249,4861.441,2.346,105.9,1962.168,69.52,22.711,-28.487,upper-middle,less
Indonesia,IDN,2016,264627.418,4799.811,2.311,105.9,1985.267,69.733,21.882,-28.991,upper-middle,less
Indonesia,IDN,2017,267346.658,4689.219,2.253,105.9,2006.819,69.953,21.09,-29.467,upper-middle,less
Indonesia,IDN,2018,269951.846,4628.645,2.219,106,2041.291,70.08,20.396,-29.911,upper-middle,less
Indonesia,IDN,2019,272489.381,4607.562,2.205,106,2059.518,70.349,19.648,-30.421,upper-middle,less
Indonesia,IDN,2020,274814.866,4582.35,2.189,106,2430.254,68.817,18.973,-18.743,upper-middle,less
Indonesia,IDN,2021,276758.053,4543.453,2.166,106,2779.181,67.452,18.332,-11.248,upper-middle,less
Indonesia,IDN,2022,278830.529,4518.308,2.149,106.1,2088.879,70.925,17.718,-37.501,upper-middle,less
Indonesia,IDN,2023,281190.067,4482.359,2.127,106.1,2117.706,71.146,17.117,-37.501,upper-middle,less
Laos,LAO,1950,1684.55,81.154,6.248,105.3,40.403,38.94,207.328,0,lower-middle,less-least
Laos,LAO,1951,1725.243,82.185,6.233,105.3,41.554,39.172,205.135,0,lower-middle,less-least
Laos,LAO,1952,1766.179,83.529,6.243,105.3,42.281,39.427,202.772,0,lower-middle,less-least
Laos,LAO,1953,1807.812,84.877,6.254,105.3,42.855,39.729,200.454,0,lower-middle,less-least
Laos,LAO,1954,1850.128,85.995,6.245,105.3,43.389,40.005,198.113,0,lower-middle,less-least
Laos,LAO,1955,1893.213,87.427,6.258,105.3,43.867,40.311,195.806,0,lower-middle,less-least
Laos,LAO,1956,1937.229,88.906,6.27,105.3,44.441,40.563,193.508,0,lower-middle,less-least
Laos,LAO,1957,1982.134,90.257,6.268,105.3,44.908,40.873,191.109,0,lower-middle,less-least
Laos,LAO,1958,2028.026,91.844,6.278,105.3,45.403,41.177,188.651,0,lower-middle,less-least
Laos,LAO,1959,2074.485,93.51,6.289,105.3,47.036,40.746,186.208,0,lower-middle,less-least
Laos,LAO,1960,2121.514,95.149,6.292,105.3,47.574,41.036,183.786,0,lower-middle,less-least
Laos,LAO,1961,2169.796,97.112,6.31,105.3,48.12,41.344,181.494,0,lower-middle,less-least
Laos,LAO,1962,2219.91,98.972,6.313,105.3,47.728,42.272,179.13,0,lower-middle,less-least
Laos,LAO,1963,2271.061,101.006,6.318,105.3,49.95,41.544,176.704,0,lower-middle,less-least
Laos,LAO,1964,2322.826,103.007,6.313,105.3,50.526,41.859,174.393,0,lower-middle,less-least
Laos,LAO,1965,2376.2,105.316,6.316,105.3,51.048,42.222,172.07,0,lower-middle,less-least
Laos,LAO,1966,2431.084,107.542,6.307,105.3,52.046,42.347,170.668,0,lower-middle,less-least
Laos,LAO,1967,2487.715,110.039,6.306,105.3,52.277,42.869,167.444,0,lower-middle,less-least
Laos,LAO,1968,2546.377,112.524,6.298,105.4,52.956,43.183,165.203,0,lower-middle,less-least
Laos,LAO,1969,2606.959,115.329,6.301,105.3,53.735,43.46,163.018,0,lower-middle,less-least
Laos,LAO,1970,2669.702,118.388,6.31,105.3,54.49,43.776,160.857,0,lower-middle,less-least
Laos,LAO,1971,2734.628,121.126,6.295,105.3,55.167,44.122,158.791,0,lower-middle,less-least
Laos,LAO,1972,2801.66,124.046,6.284,105.3,55.951,44.416,156.661,0,lower-middle,less-least
Laos,LAO,1973,2870.573,127.24,6.281,105.3,56.73,44.728,154.518,-0.774,lower-middle,less-least
Laos,LAO,1974,2939.761,130.668,6.289,105.4,56.017,45.886,152.405,-6,lower-middle,less-least
Laos,LAO,1975,3005.521,133.526,6.287,105.3,56.803,46.15,150.301,-13.858,lower-middle,less-least
Laos,LAO,1976,3064.876,135.811,6.289,105.3,58.235,46.012,148.658,-21.738,lower-middle,less-least
Laos,LAO,1977,3118.923,137.489,6.293,105.3,58.338,46.408,146.145,-26.908,lower-middle,less-least
Laos,LAO,1978,3171.74,138.845,6.298,105.3,58.241,46.832,143.49,-27.208,lower-middle,less-least
Laos,LAO,1979,3228.202,140.562,6.314,105.3,57.711,47.46,140.364,-23.317,lower-middle,less-least
Laos,LAO,1980,3292.573,142.853,6.332,105.3,56.305,48.56,136.475,-17.339,lower-middle,less-least
Laos,LAO,1981,3366.631,145.932,6.35,105.3,55.969,49.237,133.249,-11.061,lower-middle,less-least
Laos,LAO,1982,3450.026,149.837,6.369,105.3,55.778,49.931,130.058,-6.184,lower-middle,less-least
Laos,LAO,1983,3541.001,154.168,6.376,105.3,55.991,50.485,126.957,-4.108,lower-middle,less-least
Laos,LAO,1984,3637.843,158.635,6.37,105.3,56.318,51.014,123.989,-2.698,lower-middle,less-least
Laos,LAO,1985,3739.985,162.579,6.328,105.3,56.535,51.579,120.906,-1.376,lower-middle,less-least
Laos,LAO,1986,3846.715,165.94,6.255,105.2,56.675,52.144,117.947,-0.475,lower-middle,less-least
Laos,LAO,1987,3957.612,170.045,6.205,105.3,57.04,52.597,115.046,0,lower-middle,less-least
Laos,LAO,1988,4072.601,174.398,6.158,105.2,57.345,53.077,111.88,-0.08,lower-middle,less-least
Laos,LAO,1989,4190.974,178.594,6.102,105.2,57.551,53.589,108.68,-1.272,lower-middle,less-least
Laos,LAO,1990,4311.955,183.213,6.057,105.2,57.912,54.035,105.692,-3.1,lower-middle,less-least
Laos,LAO,1991,4435.118,187.186,5.986,105.2,57.665,54.7,102.497,-5.39,lower-middle,less-least
Laos,LAO,1992,4559.646,190.344,5.9,105.1,57.925,55.098,99.519,-7.502,lower-middle,less-least
Laos,LAO,1993,4685.06,193.171,5.798,105.1,57.876,55.583,96.307,-9.39,lower-middle,less-least
Laos,LAO,1994,4809.22,192.365,5.598,105.1,58.164,55.81,93.396,-11.782,lower-middle,less-least
Laos,LAO,1995,4929.409,189.629,5.355,105.1,57.389,56.344,90.218,-14.279,lower-middle,less-least
Laos,LAO,1996,5045.678,187.855,5.148,105.1,56.712,56.821,87.216,-16.574,lower-middle,less-least
Laos,LAO,1997,5152.011,186.408,4.961,105,56.022,57.302,84.235,-32.288,lower-middle,less-least
Laos,LAO,1998,5248.266,184.168,4.792,105,55.757,57.549,81.442,-33.997,lower-middle,less-least
Laos,LAO,1999,5340.784,182.599,4.639,104.9,55.348,57.866,78.784,-36.632,lower-middle,less-least
Laos,LAO,2000,5431.212,178.694,4.429,105,54.491,58.317,76.142,-33.965,lower-middle,less-least
Laos,LAO,2001,5521.482,177.307,4.29,104.9,53.457,58.887,73.476,-33.552,lower-middle,less-least
Laos,LAO,2002,5610.889,174.948,4.132,104.9,52.837,59.302,70.809,-33.595,lower-middle,less-least
Laos,LAO,2003,5697.945,174.697,4.024,104.8,52.538,59.643,68.25,-36.572,lower-middle,less-least
Laos,LAO,2004,5781.626,173.88,3.898,104.7,51.996,60.08,65.656,-40.12,lower-middle,less-least
Laos,LAO,2005,5869.523,168.974,3.685,104.8,50.805,60.688,63.146,-24.138,lower-middle,less-least
Laos,LAO,2006,5963.2,169.147,3.559,104.8,50.541,61.074,60.631,-25.286,lower-middle,less-least
Laos,LAO,2007,6056.236,170.327,3.438,104.8,50.346,61.694,58.162,-27.233,lower-middle,less-least
Laos,LAO,2008,6148.969,171.444,3.331,104.8,50.406,62.248,55.83,-28.318,lower-middle,less-least
Laos,LAO,2009,6241.642,172.074,3.229,104.9,49.9,63.023,53.549,-29.545,lower-middle,less-least
Laos,LAO,2010,6334.194,172.255,3.137,105,49.74,63.69,51.378,-30.046,lower-middle,less-least
Laos,LAO,2011,6426.59,172.082,3.049,105.1,49.219,64.505,49.306,-30.538,lower-middle,less-least
Laos,LAO,2012,6518.978,170.63,2.953,105.1,49.304,65.126,47.274,-28.871,lower-middle,less-least
Laos,LAO,2013,6611.385,169.404,2.872,105.1,49.558,65.723,45.511,-27.492,lower-middle,less-least
Laos,LAO,2014,6703.172,167.909,2.802,105.2,49.808,66.35,43.624,-26.881,lower-middle,less-least
Laos,LAO,2015,6801.645,169.785,2.796,105.2,51.063,66.688,42.005,-12.991,lower-middle,less-least
Laos,LAO,2016,6908.802,169.731,2.744,105.2,49.749,67.014,40.394,-11.401,lower-middle,less-least
Laos,LAO,2017,7018.147,169.257,2.691,105.3,48.742,67.345,38.826,-10.4,lower-middle,less-least
Laos,LAO,2018,7128.045,168.212,2.633,105.3,48.226,67.594,37.646,-10.305,lower-middle,less-least
Laos,LAO,2019,7237.636,167.556,2.589,105.3,47.765,67.911,36.232,-10.305,lower-middle,less-least
Laos,LAO,2020,7346.533,166.166,2.535,105.3,47.553,68.339,35.032,-10.305,lower-middle,less-least
Laos,LAO,2021,7453.194,165.066,2.494,105.3,49.746,67.807,33.837,-10.305,lower-middle,less-least
Laos,LAO,2022,7559.007,163.976,2.455,105.3,47.355,68.715,32.741,-10.003,lower-middle,less-least
Laos,LAO,2023,7664.993,163.043,2.421,105.3,47.682,68.964,31.716,-10.003,lower-middle,less-least
Malaysia,MYS,1950,6098.283,272.659,6.429,105.8,124.013,48.491,114.826,7.343,upper-middle,less
Malaysia,MYS,1951,6257.417,279.241,6.428,105.7,120.678,49.221,109.631,3.712,upper-middle,less
Malaysia,MYS,1952,6422.846,286.024,6.426,105.6,116.28,50.148,104.773,-1.168,upper-middle,less
Malaysia,MYS,1953,6593.943,293.634,6.437,105.5,112.034,51.13,100.052,-7.98,upper-middle,less
Malaysia,MYS,1954,6772.378,301.475,6.448,105.5,108.55,51.985,95.486,-9.666,upper-middle,less
Malaysia,MYS,1955,6959.963,309.389,6.452,105.4,105.306,52.841,91.07,-12.169,upper-middle,less
Malaysia,MYS,1956,7156.626,317.773,6.461,105.4,102.351,53.67,86.776,-14.008,upper-middle,less
Malaysia,MYS,1957,7362.822,326.32,6.468,105.5,99.516,54.509,82.554,-15.831,upper-middle,less
Malaysia,MYS,1958,7562.878,332.373,6.456,105.4,96.39,55.408,78.373,-46.845,upper-middle,less
Malaysia,MYS,1959,7755.786,337.118,6.441,105.4,93.13,56.313,74.161,-47.311,upper-middle,less
Malaysia,MYS,1960,7956.197,341.203,6.412,105.5,90.108,57.168,70.101,-46.948,upper-middle,less
Malaysia,MYS,1961,8164.443,344.437,6.367,105.5,87.167,58.015,66.222,-44.916,upper-middle,less
Malaysia,MYS,1962,8380.172,346.436,6.296,105.6,84.299,58.855,62.563,-43.033,upper-middle,less
Malaysia,MYS,1963,8602.16,347.436,6.191,105.6,81.621,59.667,59.188,-40.952,upper-middle,less
Malaysia,MYS,1964,8828.406,345.481,6.03,105.7,79.073,60.448,56.161,-38.785,upper-middle,less
Malaysia,MYS,1965,9056.408,341.77,5.836,105.7,76.933,61.144,53.398,-36.456,upper-middle,less
Malaysia,MYS,1966,9284.688,337.742,5.635,105.7,75.573,61.679,50.978,-33.993,upper-middle,less
Malaysia,MYS,1967,9507.099,333.851,5.433,105.8,75.089,62.044,48.876,-42.108,upper-middle,less
Malaysia,MYS,1968,9725.281,335.329,5.291,105.8,74.618,62.443,46.868,-40.996,upper-middle,less
Malaysia,MYS,1969,9947.597,338.525,5.159,105.8,74.195,62.868,45.004,-39.42,upper-middle,less
Malaysia,MYS,1970,10178.802,343.197,5.035,105.8,73.857,63.298,43.254,-31.839,upper-middle,less
Malaysia,MYS,1971,10423.453,345.666,4.924,105.8,73.336,63.77,41.365,-20.535,upper-middle,less
Malaysia,MYS,1972,10676.835,349.282,4.822,105.8,73.014,64.232,39.477,-21.305,upper-middle,less
Malaysia,MYS,1973,10935.621,357.327,4.727,105.9,72.723,64.725,37.526,-21.995,upper-middle,less
Malaysia,MYS,1974,11200.906,362.339,4.619,105.9,72.46,65.204,35.531,-21.919,upper-middle,less
Malaysia,MYS,1975,11471.914,366.682,4.501,106,72.133,65.697,33.541,-20.48,upper-middle,less
Malaysia,MYS,1976,11750.097,372.295,4.398,106,71.675,66.233,31.578,-18.316,upper-middle,less
Malaysia,MYS,1977,12035.713,376.962,4.282,106.1,71.442,66.72,29.681,-16.601,upper-middle,less
Malaysia,MYS,1978,12328.157,382.455,4.179,106.1,71.432,67.17,27.876,-15.059,upper-middle,less
Malaysia,MYS,1979,12627.862,388.958,4.091,106.1,71.527,67.607,26.135,-13.98,upper-middle,less
Malaysia,MYS,1980,12983.363,398.506,4.035,106.2,71.569,68.061,24.5,80.617,upper-middle,less
Malaysia,MYS,1981,13399.203,412.129,4.002,106.2,72.147,68.461,22.963,84.142,upper-middle,less
Malaysia,MYS,1982,13832.798,425.784,3.967,106.2,72.656,68.876,21.529,89.942,upper-middle,less
Malaysia,MYS,1983,14285.907,438.942,3.928,106.2,73.66,69.205,20.213,97.862,upper-middle,less
Malaysia,MYS,1984,14759.009,451.382,3.885,106.2,74.576,69.551,18.981,106.248,upper-middle,less
Malaysia,MYS,1985,15252.258,458.835,3.804,106.2,75.597,69.863,17.87,120.215,upper-middle,less
Malaysia,MYS,1986,15760.419,462.596,3.699,106.3,76.807,70.133,16.868,127.081,upper-middle,less
Malaysia,MYS,1987,16276.737,460.221,3.565,106.4,78.224,70.351,15.95,137.759,upper-middle,less
Malaysia,MYS,1988,16796.605,466.384,3.502,106.5,79.883,70.551,15.138,133.478,upper-middle,less
Malaysia,MYS,1989,17314.997,454.514,3.313,106.7,81.249,70.759,14.364,143.544,upper-middle,less
Malaysia,MYS,1990,17833.171,467.566,3.304,106.8,83.043,70.952,13.68,135.02,upper-middle,less
Malaysia,MYS,1991,18342.464,486.31,3.339,106.9,84.377,71.219,13.045,97.111,upper-middle,less
Malaysia,MYS,1992,18834.572,504.631,3.373,107,85.735,71.483,12.468,66.286,upper-middle,less
Malaysia,MYS,1993,19322.664,517.021,3.364,107,87.103,71.721,11.969,61.079,upper-middle,less
Malaysia,MYS,1994,19820.446,527.035,3.346,107,89.162,71.865,11.452,66.685,upper-middle,less
Malaysia,MYS,1995,20330.599,534.696,3.317,107,91.338,71.979,10.99,72.393,upper-middle,less
Malaysia,MYS,1996,20850.087,543.569,3.297,107.1,93.383,72.119,10.57,73.04,upper-middle,less
Malaysia,MYS,1997,21375.218,542.946,3.227,107.1,95.178,72.296,10.013,79.266,upper-middle,less
Malaysia,MYS,1998,21906.713,534.047,3.12,107.2,97.732,72.385,9.49,99.639,upper-middle,less
Malaysia,MYS,1999,22435.531,533.188,3.068,107.2,100.836,72.428,8.951,89.335,upper-middle,less
Malaysia,MYS,2000,22967.816,519.149,2.942,106.9,101.767,72.732,8.419,125.499,upper-middle,less
Malaysia,MYS,2001,23526.538,503.496,2.807,106.6,102.543,73.08,7.938,173.613,upper-middle,less
Malaysia,MYS,2002,24102.477,484.203,2.658,106.4,103.121,73.469,7.537,196.227,upper-middle,less
Malaysia,MYS,2003,24679.602,482.49,2.601,106,105.065,73.727,7.225,199.51,upper-middle,less
Malaysia,MYS,2004,25256.772,471.853,2.493,106.3,106.716,74.027,7.017,212.278,upper-middle,less
Malaysia,MYS,2005,25836.071,463.5,2.391,106.5,108.176,74.37,6.861,225.864,upper-middle,less
Malaysia,MYS,2006,26417.909,459.539,2.308,106.7,110.028,74.697,6.773,232.971,upper-middle,less
Malaysia,MYS,2007,26998.389,461.421,2.252,106.7,112.728,74.961,6.746,229.784,upper-middle,less
Malaysia,MYS,2008,27570.059,478.52,2.262,106.8,116.137,75.151,6.695,202.481,upper-middle,less
Malaysia,MYS,2009,28124.778,486.29,2.223,106.8,120.129,75.269,6.68,178.41,upper-middle,less
Malaysia,MYS,2010,28655.776,484.452,2.144,106.8,124.183,75.376,6.669,157.164,upper-middle,less
Malaysia,MYS,2011,29162.039,501.172,2.153,106.9,128.34,75.488,6.665,122.269,upper-middle,less
Malaysia,MYS,2012,29662.831,504.32,2.117,106.9,132.819,75.552,6.66,134.975,upper-middle,less
Malaysia,MYS,2013,30174.265,505.751,2.07,106.9,139.004,75.464,6.671,149.637,upper-middle,less
Malaysia,MYS,2014,30696.137,513.359,2.058,106.9,145.788,75.345,6.676,159.791,upper-middle,less
Malaysia,MYS,2015,31232.798,510.212,2.008,106.8,151.91,75.288,6.676,187.663,upper-middle,less
Malaysia,MYS,2016,31789.685,501.915,1.942,106.8,156.253,75.371,6.671,222.141,upper-middle,less
Malaysia,MYS,2017,32355.644,495.979,1.893,106.8,159.556,75.542,6.661,227.677,upper-middle,less
Malaysia,MYS,2018,32910.967,487.355,1.838,106.8,162.771,75.734,6.632,221.965,upper-middle,less
Malaysia,MYS,2019,33440.596,475.958,1.777,106.7,166.531,75.9,6.594,203.284,upper-middle,less
Malaysia,MYS,2020,33889.558,453.893,1.68,106.6,170.585,76.057,6.547,101.907,upper-middle,less
Malaysia,MYS,2021,34282.399,424.571,1.555,106.6,212.599,73.917,6.513,188.506,upper-middle,less
Malaysia,MYS,2022,34695.493,430.022,1.55,106.6,192.464,75.444,6.459,188.154,upper-middle,less
Malaysia,MYS,2023,35126.298,435.989,1.55,106.5,181.166,76.657,6.39,181.071,upper-middle,less
Myanmar (Burma),MMR,1950,17737.117,812.125,5.943,106.6,489.344,35.7,201.351,5.2,lower-middle,less-least
Myanmar (Burma),MMR,1951,18070.418,823.919,5.937,106.6,490.293,36.513,196.825,5.001,lower-middle,less-least
Myanmar (Burma),MMR,1952,18418.009,835.488,5.93,106.6,481.664,37.728,191.532,2.738,lower-middle,less-least
Myanmar (Burma),MMR,1953,18779.9,846.712,5.925,106.6,477.448,38.604,186.741,-2.048,lower-middle,less-least
Myanmar (Burma),MMR,1954,19156.655,857.527,5.923,106.6,470.865,39.572,182.068,-0.367,lower-middle,less-least
Myanmar (Burma),MMR,1955,19550.482,866.831,5.914,106.6,465.344,40.442,177.556,-0.13,lower-middle,less-least
Myanmar (Burma),MMR,1956,19959.221,877.435,5.916,106.6,461.548,41.197,173.254,0.237,lower-middle,less-least
Myanmar (Burma),MMR,1957,20382.704,887.311,5.917,106.6,456.34,42.021,169.187,-0.125,lower-middle,less-least
Myanmar (Burma),MMR,1958,20816.418,895.451,5.91,106.6,451.934,42.779,165.337,-6.942,lower-middle,less-least
Myanmar (Burma),MMR,1959,21264.01,903.692,5.911,106.6,449.269,43.414,161.64,4.191,lower-middle,less-least
Myanmar (Burma),MMR,1960,21730.25,910.919,5.901,106.6,445.855,44.086,158.026,8.807,lower-middle,less-least
Myanmar (Burma),MMR,1961,22210.581,919.863,5.9,106.6,445.054,44.603,154.34,11.972,lower-middle,less-least
Myanmar (Burma),MMR,1962,22704.719,930.087,5.904,106.6,442.144,45.264,150.562,13.546,lower-middle,less-least
Myanmar (Burma),MMR,1963,23213.408,940.344,5.905,106.6,438.8,45.951,146.716,14.35,lower-middle,less-least
Myanmar (Burma),MMR,1964,23737.315,951.636,5.907,106.6,435.306,46.653,142.514,15.6,lower-middle,less-least
Myanmar (Burma),MMR,1965,24279.431,964.719,5.912,106.5,431.27,47.405,138.342,18.847,lower-middle,less-least
Myanmar (Burma),MMR,1966,24836.496,972.935,5.876,106.6,426.566,48.181,134.245,15.453,lower-middle,less-least
Myanmar (Burma),MMR,1967,25406.429,982.954,5.842,106.6,423.381,48.86,130.455,18.47,lower-middle,less-least
Myanmar (Burma),MMR,1968,25989.662,993.638,5.797,106.6,422.503,49.4,127.069,17.293,lower-middle,less-least
Myanmar (Burma),MMR,1969,26585.112,1005.539,5.747,106.6,420.549,50.02,123.973,17.491,lower-middle,less-least
Myanmar (Burma),MMR,1970,27193.016,1016.855,5.682,106.6,421.524,50.47,121.436,17.997,lower-middle,less-least
Myanmar (Burma),MMR,1971,27807.219,1029.583,5.615,106.6,420.816,51.027,119.129,6.306,lower-middle,less-least
Myanmar (Burma),MMR,1972,28428.324,1039.217,5.527,106.6,422.804,51.397,117.021,10.735,lower-middle,less-least
Myanmar (Burma),MMR,1973,29026.388,1049.433,5.435,106.6,424.802,51.763,115.003,-55.659,lower-middle,less-least
Myanmar (Burma),MMR,1974,29598.167,1054.781,5.341,106.6,426.33,52.092,113.004,-53.875,lower-middle,less-least
Myanmar (Burma),MMR,1975,30176.565,1061.45,5.249,106.6,426.466,52.493,110.97,-52.763,lower-middle,less-least
Myanmar (Burma),MMR,1976,30758.811,1069.464,5.159,106.6,426.625,52.908,108.897,-60.561,lower-middle,less-least
Myanmar (Burma),MMR,1977,31355.966,1077.55,5.069,106.6,427.634,53.266,106.881,-37.879,lower-middle,less-least
Myanmar (Burma),MMR,1978,31972.976,1088.954,4.985,106.6,430.915,53.522,105.161,-36.055,lower-middle,less-least
Myanmar (Burma),MMR,1979,32596.55,1099.185,4.897,106.6,429.857,54.026,103.11,-44.174,lower-middle,less-least
Myanmar (Burma),MMR,1980,33227.204,1104.948,4.789,106.6,431.119,54.374,101.254,-37.679,lower-middle,less-least
Myanmar (Burma),MMR,1981,33858.783,1112.652,4.688,106.6,432.81,54.699,99.5,-52.839,lower-middle,less-least
Myanmar (Burma),MMR,1982,34482.965,1136.53,4.662,106.6,435.322,55.033,97.787,-79.856,lower-middle,less-least
Myanmar (Burma),MMR,1983,35162.715,1158.931,4.633,106.6,439.215,55.308,96.141,18.427,lower-middle,less-least
Myanmar (Burma),MMR,1984,35899.313,1166.517,4.517,106.6,442.884,55.596,94.548,11.433,lower-middle,less-least
Myanmar (Burma),MMR,1985,36622.827,1151.725,4.316,106.6,445.825,55.816,93.037,6.074,lower-middle,less-least
Myanmar (Burma),MMR,1986,37314.878,1125.633,4.081,106.6,446.162,56.084,91.529,-7.351,lower-middle,less-least
Myanmar (Burma),MMR,1987,37971.594,1098.578,3.861,106.6,445.627,56.353,90.021,-11.642,lower-middle,less-least
Myanmar (Burma),MMR,1988,38600.927,1076.622,3.67,106.6,446.226,56.57,88.554,-13.046,lower-middle,less-least
Myanmar (Burma),MMR,1989,39214.618,1083.147,3.593,106.6,446.531,56.889,86.929,-26.585,lower-middle,less-least
Myanmar (Burma),MMR,1990,39817.251,1084.401,3.504,106.6,448.295,57.159,85.311,-40.859,lower-middle,less-least
Myanmar (Burma),MMR,1991,40394.154,1088.514,3.432,106.5,450.898,57.395,83.7,-79.059,lower-middle,less-least
Myanmar (Burma),MMR,1992,40950.342,1086.377,3.354,106.5,451.901,57.681,81.964,-80.661,lower-middle,less-least
Myanmar (Burma),MMR,1993,41502.429,1085.192,3.281,106.5,451.619,58.032,80.213,-83.214,lower-middle,less-least
Myanmar (Burma),MMR,1994,42055.143,1078.691,3.204,106.5,452.264,58.326,78.475,-71.359,lower-middle,less-least
Myanmar (Burma),MMR,1995,42605.338,1072.184,3.127,106.5,451.769,58.671,76.839,-75.097,lower-middle,less-least
Myanmar (Burma),MMR,1996,43154.86,1067.261,3.058,106.6,447.771,59.169,75.045,-65.766,lower-middle,less-least
Myanmar (Burma),MMR,1997,43708.798,1060.479,2.985,106.6,447.375,59.523,73.363,-58.954,lower-middle,less-least
Myanmar (Burma),MMR,1998,44257.793,1052.67,2.912,106.7,446.545,59.896,71.639,-62.281,lower-middle,less-least
Myanmar (Burma),MMR,1999,44787.724,1047.707,2.851,106.7,449.809,60.107,69.945,-81.874,lower-middle,less-least
Myanmar (Burma),MMR,2000,45290.841,1049.124,2.813,106.7,452.144,60.357,68.274,-106.772,lower-middle,less-least
Myanmar (Burma),MMR,2001,45771.139,1055.461,2.793,106.7,453.962,60.64,66.581,-131.124,lower-middle,less-least
Myanmar (Burma),MMR,2002,46232.653,1058.373,2.765,106.7,455.496,60.925,64.868,-150.232,lower-middle,less-least
Myanmar (Burma),MMR,2003,46667.192,1038.439,2.68,106.7,456.274,61.196,63.123,-165.739,lower-middle,less-least
Myanmar (Burma),MMR,2004,47068.772,1013.424,2.588,106.7,456.958,61.443,61.352,-169.736,lower-middle,less-least
Myanmar (Burma),MMR,2005,47438.365,994.616,2.515,106.7,457.148,61.72,59.516,-185.009,lower-middle,less-least
Myanmar (Burma),MMR,2006,47785.135,984.324,2.471,106.7,457.147,62.026,57.641,-186.098,lower-middle,less-least
Myanmar (Burma),MMR,2007,48125.043,980.431,2.447,106.7,456.706,62.367,55.731,-184.989,lower-middle,less-least
Myanmar (Burma),MMR,2008,48390.793,967.497,2.404,106.6,594.204,56.364,65.065,-180.533,lower-middle,less-least
Myanmar (Burma),MMR,2009,48660.459,957.663,2.369,106.6,452.551,63.095,51.823,-158.542,lower-middle,less-least
Myanmar (Burma),MMR,2010,49024.382,949.345,2.335,106.6,451.594,63.479,49.911,-116.481,lower-middle,less-least
Myanmar (Burma),MMR,2011,49419.82,943.237,2.306,106.6,450.939,63.859,48.063,-82.713,lower-middle,less-least
Myanmar (Burma),MMR,2012,49837.446,937.884,2.276,106.6,450.678,64.251,46.241,-61.536,lower-middle,less-least
Myanmar (Burma),MMR,2013,50262.658,939.101,2.264,106.6,451.482,64.617,44.5,-62.863,lower-middle,less-least
Myanmar (Burma),MMR,2014,50681.634,940.171,2.252,106.7,452.08,64.994,42.861,-74.901,lower-middle,less-least
Myanmar (Burma),MMR,2015,51089.056,950.67,2.266,106.7,454.92,65.288,41.364,-94.108,lower-middle,less-least
Myanmar (Burma),MMR,2016,51495.696,955.836,2.27,106.7,456.303,65.64,39.896,-87.907,lower-middle,less-least
Myanmar (Burma),MMR,2017,51894.938,951.79,2.252,106.7,459.519,65.909,38.562,-105.415,lower-middle,less-least
Myanmar (Burma),MMR,2018,52272.247,943.745,2.228,106.7,461.396,66.232,37.236,-114.598,lower-middle,less-least
Myanmar (Burma),MMR,2019,52640.713,935.659,2.206,106.7,465.7,66.457,36.034,-100.783,lower-middle,less-least
Myanmar (Burma),MMR,2020,53016.522,925.479,2.179,106.6,476.822,66.612,34.851,-66.213,lower-middle,less-least
Myanmar (Burma),MMR,2021,53387.102,918.313,2.158,106.6,524.223,65.553,33.918,-35.37,lower-middle,less-least
Myanmar (Burma),MMR,2022,53756.787,909.108,2.131,106.6,493.47,66.506,32.909,-34.988,lower-middle,less-least
Myanmar (Burma),MMR,2023,54133.798,903.822,2.115,106.6,495.47,66.889,31.785,-34.989,lower-middle,less-least
Philippines,PHL,1950,18849.528,903.377,7.129,108,287.167,53.578,93.672,81.704,lower-middle,less
Philippines,PHL,1951,19568.081,936.259,7.117,108,286.467,54.079,91.236,89.402,lower-middle,less
Philippines,PHL,1952,20328.752,971.723,7.111,108,284.714,54.697,88.629,95.138,lower-middle,less
Philippines,PHL,1953,21132.5,1009.285,7.104,108,282.166,55.395,85.872,98.225,lower-middle,less
Philippines,PHL,1954,21982.503,1047.859,7.089,108,280.737,55.994,83.251,107.55,lower-middle,less
Philippines,PHL,1955,22880.573,1088.136,7.071,108,279.46,56.6,80.673,112.798,lower-middle,less
Philippines,PHL,1956,23825.81,1130.187,7.052,108,277.579,57.246,77.987,116.389,lower-middle,less
Philippines,PHL,1957,24815.855,1172.982,7.026,108,276.949,57.789,75.403,115.057,lower-middle,less
Philippines,PHL,1958,25842.524,1217.453,7.003,108,276.696,58.31,72.976,101.49,lower-middle,less
Philippines,PHL,1959,26907.607,1265.905,7,108,277.725,58.745,70.822,99.74,lower-middle,less
Philippines,PHL,1960,27891.897,1315.325,6.996,108,279.321,59.175,68.924,-155.354,lower-middle,less
Philippines,PHL,1961,28792.621,1344.594,6.994,108,280.21,59.469,67.225,-143.597,lower-middle,less
Philippines,PHL,1962,29723.536,1373.209,6.98,108,281.252,59.755,65.716,-150.903,lower-middle,less
Philippines,PHL,1963,30674.731,1398.897,6.952,108,282.299,60.018,64.2,-155.267,lower-middle,less
Philippines,PHL,1964,31643.032,1417.363,6.886,108,285.756,60.13,63.117,-156.342,lower-middle,less
Philippines,PHL,1965,32625.316,1432.484,6.799,108,286.388,60.41,61.873,-156.782,lower-middle,less
Philippines,PHL,1966,33617.17,1444.612,6.691,108,288.092,60.623,60.813,-162.127,lower-middle,less
Philippines,PHL,1967,34621.32,1457.191,6.572,108,290.477,60.804,59.888,-152.812,lower-middle,less
Philippines,PHL,1968,35638.342,1466.196,6.448,108,294.036,60.917,59.061,-152.017,lower-middle,less
Philippines,PHL,1969,36660.799,1485.124,6.333,108,298.831,60.981,58.301,-161.517,lower-middle,less
Philippines,PHL,1970,37622.204,1507.54,6.218,108,308.594,60.827,58.137,-300.923,lower-middle,less
Philippines,PHL,1971,38518.659,1520.474,6.083,108,310.22,61.065,57.39,-315.363,lower-middle,less
Philippines,PHL,1972,39408.56,1525.319,5.937,108,318.911,60.911,57.433,-321.491,lower-middle,less
Philippines,PHL,1973,40294.13,1534.411,5.787,108,328.099,60.741,57.431,-320.091,lower-middle,less
Philippines,PHL,1974,41174.341,1552.516,5.693,108,333.637,60.816,57.28,-344.674,lower-middle,less
Philippines,PHL,1975,42120.826,1578.55,5.596,108,339.494,60.904,57.09,-220.296,lower-middle,less
Philippines,PHL,1976,43201.488,1607.428,5.505,108,349.142,60.869,57.016,-115.73,lower-middle,less
Philippines,PHL,1977,44367.962,1662.653,5.442,108,348.653,61.431,56.221,-123.608,lower-middle,less
Philippines,PHL,1978,45575.281,1722.772,5.393,108,358.146,61.531,55.912,-140.372,lower-middle,less
Philippines,PHL,1979,46807.103,1759.077,5.255,108,365.006,61.727,55.423,-154.684,lower-middle,less
Philippines,PHL,1980,48043.74,1785.628,5.108,108,371.912,61.884,54.874,-179.832,lower-middle,less
Philippines,PHL,1981,49311.727,1817.419,4.973,108,380.84,61.942,54.377,-134.484,lower-middle,less
Philippines,PHL,1982,50695.707,1872.828,4.917,108,387.052,62.175,53.518,-19.912,lower-middle,less
Philippines,PHL,1983,52194.62,1937.889,4.867,108,395.697,62.349,52.577,-10.229,lower-middle,less
Philippines,PHL,1984,53726.181,1986.22,4.77,108,406.312,62.426,51.649,-48.739,lower-middle,less
Philippines,PHL,1985,55213.006,2024.329,4.664,108,410.308,62.735,50.176,-171.539,lower-middle,less
Philippines,PHL,1986,56645.077,2048.635,4.563,108,417.148,62.875,48.745,-209.835,lower-middle,less
Philippines,PHL,1987,58157.496,2088.331,4.509,108,416.999,63.299,46.849,-68.149,lower-middle,less
Philippines,PHL,1988,59739.052,2125.063,4.449,108,417.611,63.711,44.952,-147.523,lower-middle,less
Philippines,PHL,1989,61265.26,2145.809,4.365,108,417.436,64.105,42.855,-235.884,lower-middle,less
Philippines,PHL,1990,62854.666,2169.483,4.322,108,419.862,64.382,40.841,-63.296,lower-middle,less
Philippines,PHL,1991,64382.249,2205.544,4.273,108,423.409,64.622,39.024,-413.3,lower-middle,less
Philippines,PHL,1992,65926.125,2180.457,4.161,108,411.197,65.353,36.744,-50.338,lower-middle,less
Philippines,PHL,1993,67530.621,2201.331,4.098,108,412.922,65.661,35.054,-298.337,lower-middle,less
Philippines,PHL,1994,69019.291,2227.175,4.079,108,413.373,66,33.526,-326.539,lower-middle,less
Philippines,PHL,1995,70546.246,2262.167,4.067,108,415.2,66.311,32.3,-280.327,lower-middle,less
Philippines,PHL,1996,72190.242,2263.953,4.004,108,414.344,66.691,31.006,-128.251,lower-middle,less
Philippines,PHL,1997,73908.81,2277.739,3.943,108,416.628,66.994,30.004,-145.334,lower-middle,less
Philippines,PHL,1998,75791.024,2291.723,3.884,108,421.347,67.212,29.155,178.274,lower-middle,less
Philippines,PHL,1999,77753.257,2319.865,3.825,108,425.725,67.503,28.393,-18.323,lower-middle,less
Philippines,PHL,2000,79625.397,2331.835,3.754,108,429.51,67.789,27.676,-33.868,lower-middle,less
Philippines,PHL,2001,81401.488,2372.487,3.719,108,441.273,67.829,27.052,-247.496,lower-middle,less
Philippines,PHL,2002,83068.889,2370.297,3.651,108,450.692,67.886,26.463,-268.52,lower-middle,less
Philippines,PHL,2003,84731.835,2381.067,3.591,108,458.187,68.049,25.897,-248.066,lower-middle,less
Philippines,PHL,2004,86394.504,2386.999,3.524,108,462.726,68.301,25.345,-273.743,lower-middle,less
Philippines,PHL,2005,88015.962,2389.958,3.448,108,471.512,68.423,24.807,-326.063,lower-middle,less
Philippines,PHL,2006,89508.986,2454.272,3.466,108,493.967,68.172,24.289,-566.647,lower-middle,less
Philippines,PHL,2007,91075.184,2459.027,3.403,108,494.312,68.549,23.794,-225.977,lower-middle,less
Philippines,PHL,2008,92699.095,2514.01,3.401,108,506.449,68.643,23.329,-498.48,lower-middle,less
Philippines,PHL,2009,94384.25,2547.176,3.376,108,521.533,68.631,22.898,-164.411,lower-middle,less
Philippines,PHL,2010,96337.125,2559.111,3.315,108,528.136,68.883,22.508,13.556,lower-middle,less
Philippines,PHL,2011,98248.614,2555.164,3.236,108,536.709,69.096,22.165,-240.005,lower-middle,less
Philippines,PHL,2012,100175.512,2526.446,3.143,108,546.816,69.237,21.872,95.702,lower-middle,less
Philippines,PHL,2013,102076.336,2506.971,3.042,108,562.222,69.283,21.632,-218.439,lower-middle,less
Philippines,PHL,2014,103767.13,2428.538,2.894,108,576.722,69.311,21.449,-196.524,lower-middle,less
Philippines,PHL,2015,105312.992,2415.119,2.829,108,587.987,69.45,21.325,-390.702,lower-middle,less
Philippines,PHL,2016,106735.719,2322.601,2.679,108,604.332,69.49,21.252,-309.251,lower-middle,less
Philippines,PHL,2017,108119.693,2224.168,2.525,108,601.636,69.966,21.217,-263.593,lower-middle,less
Philippines,PHL,2018,109465.287,2125.551,2.378,108,629.7,69.761,21.197,-163.602,lower-middle,less
Philippines,PHL,2019,110804.683,2006.034,2.215,108,653.287,69.68,21.159,-6.208,lower-middle,less
Philippines,PHL,2020,112081.264,1907.237,2.075,108,653.597,70.097,21.087,-47.014,lower-middle,less
Philippines,PHL,2021,113100.95,1821.79,1.95,108,903.857,66.675,20.982,-85.185,lower-middle,less
Philippines,PHL,2022,113964.338,1829.885,1.929,108,714.113,69.472,20.873,-221.754,lower-middle,less
Philippines,PHL,2023,114891.199,1840.477,1.916,108,716.49,69.833,20.711,-164.284,lower-middle,less
Singapore,SGP,1950,1013.313,44.926,6.225,106.1,12.467,54.092,93.281,20.67,upper,less
Singapore,SGP,1951,1068.035,46.536,6.253,106.1,12.402,55.26,84.969,22.18,upper,less
Singapore,SGP,1952,1126.09,48.398,6.286,106.2,12.197,56.426,76.984,23.594,upper,less
Singapore,SGP,1953,1187.52,50.502,6.321,106.2,12.052,57.467,69.405,24.622,upper,less
Singapore,SGP,1954,1252.281,52.737,6.346,106.2,11.389,59.423,62.606,25.106,upper,less
Singapore,SGP,1955,1320.23,55.217,6.375,106.2,10.827,61.214,56.723,25.051,upper,less
Singapore,SGP,1956,1390.956,58.236,6.444,106.2,10.512,62.617,51.737,24.287,upper,less
Singapore,SGP,1957,1458.271,60.417,6.404,106.2,10.466,63.394,47.489,12.676,upper,less
Singapore,SGP,1958,1515.727,61.78,6.316,106.2,10.432,64.026,43.817,0.928,upper,less
Singapore,SGP,1959,1567.754,61.532,6.121,106.3,10.186,64.794,40.615,0.421,upper,less
Singapore,SGP,1960,1619.322,59.428,5.765,106.3,10.063,65.297,37.623,2.008,upper,less
Singapore,SGP,1961,1670.461,57.449,5.418,106,10.029,65.686,34.998,3.49,upper,less
Singapore,SGP,1962,1721.176,56.851,5.216,105.9,10.057,66.09,32.757,3.714,upper,less
Singapore,SGP,1963,1771.513,57.636,5.159,105.6,10.141,66.488,30.864,2.668,upper,less
Singapore,SGP,1964,1821.466,57.014,4.971,105.4,10.306,66.712,29.262,3.043,upper,less
Singapore,SGP,1965,1870.822,55.227,4.667,105.4,10.458,66.943,27.868,4.199,upper,less
Singapore,SGP,1966,1919.09,54.679,4.452,105.4,10.616,67.237,26.595,3.507,upper,less
Singapore,SGP,1967,1965.679,50.462,3.914,105.4,10.863,67.331,25.362,6.006,upper,less
Singapore,SGP,1968,2010.092,47.363,3.528,105.7,10.937,67.663,24.152,6.792,upper,less
Singapore,SGP,1969,2052.157,45.101,3.222,106.1,10.955,68.076,22.917,6.763,upper,less
Singapore,SGP,1970,2091.558,44.882,3.068,106.2,11.016,68.5,21.645,4.024,upper,less
Singapore,SGP,1971,2128.433,46.513,3.02,106.5,11.226,68.796,20.322,0.573,upper,less
Singapore,SGP,1972,2164.334,49.123,3.031,106.7,11.558,68.964,18.915,-1.631,upper,less
Singapore,SGP,1973,2200.137,47.807,2.782,106.9,11.633,69.357,17.482,-0.495,upper,less
Singapore,SGP,1974,2235.075,43.136,2.351,107.1,11.677,69.709,16.114,2.748,upper,less
Singapore,SGP,1975,2268.523,40.184,2.08,107.1,11.604,70.232,14.892,4.104,upper,less
Singapore,SGP,1976,2300.743,42.58,2.09,107.3,11.774,70.57,13.908,0.949,upper,less
Singapore,SGP,1977,2331.545,39.017,1.826,107.4,11.922,70.884,13.171,2.757,upper,less
Singapore,SGP,1978,2360.602,39.966,1.787,107.5,12.139,71.163,12.619,0.436,upper,less
Singapore,SGP,1979,2388.157,41.719,1.789,107.7,12.486,71.357,12.149,-2.384,upper,less
Singapore,SGP,1980,2437.493,42.176,1.739,107.6,12.783,71.528,11.707,42.433,upper,less
Singapore,SGP,1981,2531.802,44.122,1.711,107.8,13.205,71.748,11.228,85.869,upper,less
Singapore,SGP,1982,2627.417,46.591,1.672,107.9,13.721,72.015,10.69,41.568,upper,less
Singapore,SGP,1983,2685.981,44.9,1.54,107.9,13.906,72.415,10.119,11.699,upper,less
Singapore,SGP,1984,2720.923,45.873,1.54,107.8,14.275,72.603,9.549,-4.396,upper,less
Singapore,SGP,1985,2735.03,46.212,1.533,107.6,14.173,73.124,8.967,-31.036,upper,less
Singapore,SGP,1986,2744.653,40.226,1.347,107.4,14.121,73.564,8.407,-7.858,upper,less
Singapore,SGP,1987,2781.615,44.39,1.487,107.2,14.122,74.035,7.855,25.411,upper,less
Singapore,SGP,1988,2849.045,53.07,1.75,107.1,14.871,74.049,7.298,40.976,upper,less
Singapore,SGP,1989,2938.655,47.177,1.527,107.1,15.159,74.332,6.738,68.031,upper,less
Singapore,SGP,1990,3039.591,50.43,1.583,107,15.565,74.598,6.19,66.95,upper,less
Singapore,SGP,1991,3136.291,49.304,1.495,106.9,15.537,75.058,5.666,57.821,upper,less
Singapore,SGP,1992,3226.465,50.203,1.485,106.9,15.8,75.326,5.189,54.359,upper,less
Singapore,SGP,1993,3317.892,51.469,1.498,106.9,16.197,75.533,4.771,58.82,upper,less
Singapore,SGP,1994,3417.817,51.358,1.471,107,16.775,75.627,4.431,71.17,upper,less
Singapore,SGP,1995,3533.624,51.281,1.443,107.1,17.371,75.725,4.146,91.947,upper,less
Singapore,SGP,1996,3664.56,51.634,1.424,107.2,17.628,76.05,3.903,102.018,upper,less
Singapore,SGP,1997,3796.622,50.738,1.372,107.2,17.876,76.389,3.687,95.241,upper,less
Singapore,SGP,1998,3901.418,47.443,1.261,107.1,17.868,76.851,3.486,51.905,upper,less
Singapore,SGP,1999,3966.557,47.095,1.239,107.2,17.978,77.271,3.29,19.681,upper,less
Singapore,SGP,2000,4035.245,51.23,1.342,107.2,17.863,77.752,3.1,55.218,upper,less
Singapore,SGP,2001,4116.166,45.971,1.186,107,17.736,78.267,2.918,45.027,upper,less
Singapore,SGP,2002,4146.892,45.956,1.172,106.8,17.746,78.736,2.756,-40.023,upper,less
Singapore,SGP,2003,4138.245,41.964,1.081,106.7,17.437,79.178,2.634,-30.012,upper,less
Singapore,SGP,2004,4172.767,41.159,1.071,106.7,17.113,79.658,2.501,50.487,upper,less
Singapore,SGP,2005,4268.364,41.601,1.072,106.6,16.965,80.271,2.416,92.023,upper,less
Singapore,SGP,2006,4407.058,42.364,1.068,106.6,17.25,80.64,2.353,135.625,upper,less
Singapore,SGP,2007,4596.515,43.655,1.069,106.6,17.769,80.885,2.307,192.292,upper,less
Singapore,SGP,2008,4806.741,44.452,1.044,106.5,18.364,81.099,2.275,176.182,upper,less
Singapore,SGP,2009,4968.568,44.518,1.002,106.5,18.973,81.428,2.253,95.841,upper,less
Singapore,SGP,2010,5077.014,42.643,0.934,106.4,19.711,81.647,2.236,72.571,upper,less
Singapore,SGP,2011,5182.239,44.984,0.964,106.4,19.887,81.942,2.218,89.856,upper,less
Singapore,SGP,2012,5293.34,48.924,1.027,106.4,20.179,82.209,2.196,78.501,upper,less
Singapore,SGP,2013,5385.588,45.704,0.949,106.3,20.636,82.468,2.175,52.176,upper,less
Singapore,SGP,2014,5457.9,48.538,1.003,106.2,21.31,82.615,2.15,40.154,upper,less
Singapore,SGP,2015,5525.34,47.632,0.977,106.2,21.99,82.748,2.122,41.852,upper,less
Singapore,SGP,2016,5577.93,46.597,0.943,106.1,22.65,82.897,2.088,13.737,upper,less
Singapore,SGP,2017,5604.078,46.704,0.936,106.1,23.206,83.095,2.042,-8.88,upper,less
Singapore,SGP,2018,5634.369,47.73,0.948,106,23.582,83.378,1.985,21.82,upper,less
Singapore,SGP,2019,5669.563,47.479,0.942,105.9,23.926,83.662,1.919,0.87,upper,less
Singapore,SGP,2020,5620.15,47.113,0.942,105.9,24.804,83.661,2.075,-145.556,upper,less
Singapore,SGP,2021,5546.29,45.626,0.944,105.9,26.073,83.485,1.842,-44.03,upper,less
Singapore,SGP,2022,5649.885,45.168,0.943,106,28.342,82.921,1.85,214.842,upper,less
Singapore,SGP,2023,5789.09,47.472,0.943,106,27.728,83.736,1.727,26.996,upper,less
Thailand,THA,1950,20428.402,902.318,6.359,106.4,390.988,45.189,123.671,10.833,upper-middle,less
Thailand,THA,1951,20965.182,932.857,6.384,106.4,390.754,45.92,120.733,9.294,upper-middle,less
Thailand,THA,1952,21527.582,962.833,6.396,106.4,392.43,46.498,117.762,2.996,upper-middle,less
Thailand,THA,1953,22109.323,993.547,6.416,106.4,393.955,47.066,114.823,-9.511,upper-middle,less
Thailand,THA,1954,22713.338,1019.762,6.408,106.4,394.963,47.62,111.931,-6.859,upper-middle,less
Thailand,THA,1955,23343.181,1045.401,6.391,106.4,396.182,48.134,109.091,-7.471,upper-middle,less
Thailand,THA,1956,23997.265,1071.417,6.373,106.4,397.387,48.639,106.303,-7.612,upper-middle,less
Thailand,THA,1957,24674.83,1097.203,6.355,106.3,398.699,49.128,103.562,-9.786,upper-middle,less
Thailand,THA,1958,25367.005,1124.544,6.345,106.3,401.171,49.548,100.995,-27.74,upper-middle,less
Thailand,THA,1959,26088.013,1149.106,6.332,106.4,400.701,50.126,98.252,-2.027,upper-middle,less
Thailand,THA,1960,26851.747,1176.198,6.325,106.4,402,50.608,95.558,6.886,upper-middle,less
Thailand,THA,1961,27650.334,1205.046,6.324,106.4,403.924,51.065,92.943,14.968,upper-middle,less
Thailand,THA,1962,28481.04,1235.979,6.331,106.4,407.251,51.444,90.441,16.605,upper-middle,less
Thailand,THA,1963,29342.322,1268.482,6.342,106.3,407.742,51.988,87.784,16.494,upper-middle,less
Thailand,THA,1964,30232.141,1292.844,6.309,106.3,407.703,52.539,85.195,17.249,upper-middle,less
Thailand,THA,1965,31149.337,1315.399,6.258,106.3,406.394,53.131,82.601,22.995,upper-middle,less
Thailand,THA,1966,32086.071,1334.043,6.182,106.3,404.578,53.729,79.998,12.016,upper-middle,less
Thailand,THA,1967,33037.801,1347.008,6.077,106.3,402.035,54.316,77.324,17.005,upper-middle,less
Thailand,THA,1968,34002.56,1351.441,5.928,106.4,397.616,54.977,74.589,13.718,upper-middle,less
Thailand,THA,1969,34973.782,1339.406,5.704,106.4,391.06,55.705,71.84,26.551,upper-middle,less
Thailand,THA,1970,35954.408,1320.585,5.452,106.4,383.458,56.47,69.096,49.221,upper-middle,less
Thailand,THA,1971,36937.387,1315.188,5.253,106.4,378.981,57.1,66.358,43.4,upper-middle,less
Thailand,THA,1972,37933.929,1315.153,5.077,106.5,374.759,57.746,63.641,73.082,upper-middle,less
Thailand,THA,1973,38947.787,1305.219,4.845,106.5,371.681,58.323,60.987,80.704,upper-middle,less
Thailand,THA,1974,39952.891,1289.283,4.598,106.5,366.112,59.031,58.407,72.801,upper-middle,less
Thailand,THA,1975,40940.005,1273.013,4.364,106.4,361.059,59.713,55.987,66.306,upper-middle,less
Thailand,THA,1976,41896.504,1250.443,4.119,106.4,356.357,60.371,53.575,40.656,upper-middle,less
Thailand,THA,1977,42843.974,1224.844,3.865,106.4,353.585,60.906,51.315,88.937,upper-middle,less
Thailand,THA,1978,43788.976,1202.245,3.617,106.3,354.448,61.266,49.195,82.011,upper-middle,less
Thailand,THA,1979,44718.434,1197.995,3.451,106.4,354.581,61.696,47.111,85.693,upper-middle,less
Thailand,THA,1980,45650.022,1199.653,3.293,106.4,354.066,62.186,45.147,88.478,upper-middle,less
Thailand,THA,1981,46575.855,1189.165,3.127,106.4,349.9,62.856,43.238,78.337,upper-middle,less
Thailand,THA,1982,47494.577,1161.583,2.943,106.4,343.621,63.603,41.422,101.885,upper-middle,less
Thailand,THA,1983,48423.309,1128.463,2.755,106.4,334.24,64.5,39.68,143.393,upper-middle,less
Thailand,THA,1984,49351.708,1102.007,2.582,106.4,322.17,65.55,37.955,139.345,upper-middle,less
Thailand,THA,1985,50270.753,1088.418,2.45,106.4,311.468,66.543,36.281,141.963,upper-middle,less
Thailand,THA,1986,51177.834,1089.107,2.358,106.4,305.691,67.308,34.647,111.82,upper-middle,less
Thailand,THA,1987,52074.105,1079.037,2.255,106.4,304.519,67.833,33.034,122.791,upper-middle,less
Thailand,THA,1988,52969.595,1072.246,2.171,106.4,307.036,68.194,31.591,128.469,upper-middle,less
Thailand,THA,1989,53848.956,1084.997,2.136,106.4,310.453,68.557,29.946,90.497,upper-middle,less
Thailand,THA,1990,54738.329,1074.077,2.065,106.4,313.29,68.924,28.401,152.916,upper-middle,less
Thailand,THA,1991,55637.434,1082.241,2.036,106.4,321.769,69.132,26.954,124.034,upper-middle,less
Thailand,THA,1992,56528.834,1084.771,2.008,106.4,329.79,69.353,25.558,143.318,upper-middle,less
Thailand,THA,1993,57408.198,1076.07,1.967,106.4,338.382,69.568,24.245,122.746,upper-middle,less
Thailand,THA,1994,58260.854,1062.582,1.928,106.4,349.971,69.661,23.005,132.271,upper-middle,less
Thailand,THA,1995,59098.232,1044.592,1.888,106.4,361.947,69.757,21.845,147.226,upper-middle,less
Thailand,THA,1996,59920.064,1033.853,1.865,106.4,372.466,69.94,20.691,152.397,upper-middle,less
Thailand,THA,1997,60724.584,1022.011,1.845,106.4,377.17,70.362,19.621,150.411,upper-middle,less
Thailand,THA,1998,61522.63,1001.428,1.815,106.4,384.065,70.703,18.588,183.471,upper-middle,less
Thailand,THA,1999,62299.043,970.959,1.768,106.4,392.882,70.979,17.625,173.924,upper-middle,less
Thailand,THA,2000,63007.815,946.821,1.734,106.4,402.911,71.205,16.726,121.64,upper-middle,less
Thailand,THA,2001,63651.141,933.472,1.711,106.4,409.192,71.52,15.866,96.817,upper-middle,less
Thailand,THA,2002,64266.437,921.23,1.688,106.4,416.955,71.775,15.034,105.215,upper-middle,less
Thailand,THA,2003,64868.166,911.609,1.673,106.4,423.564,72.101,14.22,105.917,upper-middle,less
Thailand,THA,2004,65452.047,904.574,1.665,106.4,437.977,72.1,13.823,107.199,upper-middle,less
Thailand,THA,2005,66017.42,890.476,1.644,106.4,434.062,72.894,12.783,100.542,upper-middle,less
Thailand,THA,2006,66567.687,879.215,1.631,106.4,437.996,73.341,12.174,102.362,upper-middle,less
Thailand,THA,2007,67102.394,867.371,1.616,106.4,442.027,73.779,11.513,100.486,upper-middle,less
Thailand,THA,2008,67619.83,846.908,1.587,106.4,445.206,74.221,10.948,107.333,upper-middle,less
Thailand,THA,2009,68121.08,830.227,1.565,106.4,447.646,74.669,10.437,110.883,upper-middle,less
Thailand,THA,2010,68579.447,823.589,1.562,106.4,453.109,75.012,10.003,52.791,upper-middle,less
Thailand,THA,2011,69007.208,824.136,1.571,106.4,458.492,75.302,9.662,66.607,upper-middle,less
Thailand,THA,2012,69436.098,816.412,1.563,106.4,464.915,75.59,9.185,74.033,upper-middle,less
Thailand,THA,2013,69845.114,793.955,1.526,106.4,468.891,75.96,8.835,67.452,upper-middle,less
Thailand,THA,2014,70216.367,768.882,1.484,106.4,474.241,76.279,8.506,55.358,upper-middle,less
Thailand,THA,2015,70540.795,747.3,1.451,106.4,480.953,76.563,8.199,32.5,upper-middle,less
Thailand,THA,2016,70859.841,716.458,1.4,106.4,490.201,76.769,7.919,112.978,upper-middle,less
Thailand,THA,2017,71160.187,694.861,1.363,106.4,500.215,76.989,7.664,66.805,upper-middle,less
Thailand,THA,2018,71376.079,670.932,1.323,106.4,511.579,77.19,7.381,10.984,upper-middle,less
Thailand,THA,2019,71522.271,647.68,1.285,106.4,530.844,77.197,7.133,5.221,upper-middle,less
Thailand,THA,2020,71641.484,629.882,1.259,106.4,545.792,77.331,6.891,32.277,upper-middle,less
Thailand,THA,2021,71727.332,612.87,1.234,106.4,555.45,77.606,6.652,-2.093,upper-middle,less
Thailand,THA,2022,71735.329,601.151,1.221,106.4,662.16,75.291,6.425,21.683,upper-middle,less
Thailand,THA,2023,71702.435,591.2,1.212,106.4,637.306,76.412,6.204,19.648,upper-middle,less
Timor-Leste,TLS,1950,414.762,17.833,6.605,107.1,14.776,29.161,272.883,0,lower-middle,less-least
Timor-Leste,TLS,1951,418.26,18.129,6.591,107.1,14.193,29.461,269.907,0,lower-middle,less-least
Timor-Leste,TLS,1952,422.422,18.396,6.564,107.1,14.007,29.763,266.895,0,lower-middle,less-least
Timor-Leste,TLS,1953,426.988,18.678,6.536,107.1,13.923,30.065,263.91,0,lower-middle,less-least
Timor-Leste,TLS,1954,431.907,18.982,6.509,107.1,13.9,30.368,260.943,0,lower-middle,less-least
Timor-Leste,TLS,1955,437.15,19.309,6.481,107.1,13.915,30.674,257.981,0,lower-middle,less-least
Timor-Leste,TLS,1956,442.699,19.661,6.453,107.1,13.956,30.983,255.013,0,lower-middle,less-least
Timor-Leste,TLS,1957,448.561,20.034,6.424,107.1,14.009,31.305,251.97,0,lower-middle,less-least
Timor-Leste,TLS,1958,454.748,20.418,6.393,107.1,14.062,31.656,248.885,0,lower-middle,less-least
Timor-Leste,TLS,1959,461.269,20.803,6.359,107,14.117,32.021,245.726,0,lower-middle,less-least
Timor-Leste,TLS,1960,468.118,21.178,6.319,107.1,14.166,32.402,242.469,0,lower-middle,less-least
Timor-Leste,TLS,1961,475.291,21.536,6.273,107.1,14.205,32.801,239.091,0,lower-middle,less-least
Timor-Leste,TLS,1962,482.774,21.869,6.218,107.1,14.23,33.221,235.575,0,lower-middle,less-least
Timor-Leste,TLS,1963,490.564,22.175,6.155,107.1,14.237,33.665,231.906,0,lower-middle,less-least
Timor-Leste,TLS,1964,498.659,22.453,6.084,107.1,14.218,34.147,227.96,0,lower-middle,less-least
Timor-Leste,TLS,1965,507.034,22.708,6.008,107.1,14.182,34.653,223.826,0,lower-middle,less-least
Timor-Leste,TLS,1966,515.696,22.946,5.932,107.1,14.135,35.174,219.633,0,lower-middle,less-least
Timor-Leste,TLS,1967,524.648,23.169,5.858,107.1,14.08,35.703,215.425,0,lower-middle,less-least
Timor-Leste,TLS,1968,533.875,23.373,5.788,107.1,14.018,36.241,211.227,0,lower-middle,less-least
Timor-Leste,TLS,1969,543.356,23.551,5.722,107.1,13.939,36.802,206.934,0,lower-middle,less-least
Timor-Leste,TLS,1970,553.069,23.678,5.655,107.1,13.854,37.362,202.711,0,lower-middle,less-least
Timor-Leste,TLS,1971,562.966,23.725,5.58,107.1,13.76,37.909,198.631,0,lower-middle,less-least
Timor-Leste,TLS,1972,572.962,23.685,5.492,107.1,13.656,38.443,194.71,0,lower-middle,less-least
Timor-Leste,TLS,1973,582.855,23.574,5.392,107.1,13.54,38.966,190.81,-0.278,lower-middle,less-least
Timor-Leste,TLS,1974,590.827,23.393,5.287,107.1,14.988,36.454,203.742,-2.222,lower-middle,less-least
Timor-Leste,TLS,1975,598.158,23.057,5.19,107.1,24.12,24.314,243.676,9.542,lower-middle,less-least
Timor-Leste,TLS,1976,607.62,23.667,5.119,107.1,22.885,25.863,229.487,9.662,lower-middle,less-least
Timor-Leste,TLS,1977,618.315,24.457,5.085,107.1,24.16,24.875,238.697,10.657,lower-middle,less-least
Timor-Leste,TLS,1978,628.775,25.511,5.094,107.1,26.512,22.933,257.529,10.967,lower-middle,less-least
Timor-Leste,TLS,1979,638.719,26.8,5.142,107.1,25.814,24.172,245.751,8.924,lower-middle,less-least
Timor-Leste,TLS,1980,649.871,28.147,5.219,107.1,21.206,30.196,194.282,5.457,lower-middle,less-least
Timor-Leste,TLS,1981,660.493,30.557,5.525,107.2,21.222,31.247,186.204,-0.482,lower-middle,less-least
Timor-Leste,TLS,1982,669.149,30.509,5.555,107.2,20.93,32.247,177.788,-1.125,lower-middle,less-least
Timor-Leste,TLS,1983,677.707,30.519,5.586,107.2,20.833,32.694,173.669,-1.032,lower-middle,less-least
Timor-Leste,TLS,1984,686.777,30.585,5.614,107.2,19.663,34.468,160.306,-1.436,lower-middle,less-least
Timor-Leste,TLS,1985,696.665,30.764,5.65,107.2,19.977,34.342,160.6,-0.495,lower-middle,less-least
Timor-Leste,TLS,1986,707.185,30.94,5.672,107.2,19.879,34.764,157.185,-0.316,lower-middle,less-least
Timor-Leste,TLS,1987,718.476,31.112,5.682,107.3,19.167,35.974,148.497,-0.106,lower-middle,less-least
Timor-Leste,TLS,1988,730.745,31.472,5.716,107.3,19.353,36.047,147.603,0.587,lower-middle,less-least
Timor-Leste,TLS,1989,744.856,31.961,5.762,107.4,14.202,44.795,143.493,-2.246,lower-middle,less-least
Timor-Leste,TLS,1990,760.345,32.499,5.811,107.4,14.157,45.185,141.682,-2.881,lower-middle,less-least
Timor-Leste,TLS,1991,778.278,32.917,5.835,107.5,14.312,45.076,140.596,1.803,lower-middle,less-least
Timor-Leste,TLS,1992,799.318,33.82,5.867,107.4,13.94,46.19,134.756,1.794,lower-middle,less-least
Timor-Leste,TLS,1993,821.437,34.576,5.879,107.4,13.805,47.008,129.745,1.795,lower-middle,less-least
Timor-Leste,TLS,1994,844.493,35.432,5.912,107.4,13.685,47.861,125.533,1.794,lower-middle,less-least
Timor-Leste,TLS,1995,868.146,36.217,5.936,107.4,14.256,47.543,125.914,1.806,lower-middle,less-least
Timor-Leste,TLS,1996,892.282,36.89,5.941,107.4,14.187,48.26,121.461,1.796,lower-middle,less-least
Timor-Leste,TLS,1997,917.184,37.626,5.955,107.4,14.125,48.968,117.04,1.804,lower-middle,less-least
Timor-Leste,TLS,1998,942.53,38.351,5.963,107.4,14.76,48.583,117.994,1.806,lower-middle,less-least
Timor-Leste,TLS,1999,834.697,39.101,5.97,107.4,17.23,45.246,120.854,-262.94,lower-middle,less-least
Timor-Leste,TLS,2000,745.088,28.792,5.934,107.4,7.212,58.097,79.358,40.272,lower-middle,less-least
Timor-Leste,TLS,2001,812.249,30.897,5.918,107.4,7.583,58.772,76.165,49.159,lower-middle,less-least
Timor-Leste,TLS,2002,879.159,33.406,5.899,107.4,7.997,59.477,72.921,35.935,lower-middle,less-least
Timor-Leste,TLS,2003,916.878,35.176,5.846,107.3,8.276,60.13,69.946,-12.81,lower-middle,less-least
Timor-Leste,TLS,2004,929.074,34.865,5.741,107.2,8.114,60.743,67.198,-16.447,lower-middle,less-least
Timor-Leste,TLS,2005,948.311,34.363,5.611,107.2,7.95,61.272,64.667,1.759,lower-middle,less-least
Timor-Leste,TLS,2006,976.597,34.24,5.474,107.1,8.02,61.881,62.1,2.184,lower-middle,less-least
Timor-Leste,TLS,2007,1004.889,34.212,5.333,107,8.138,62.396,59.803,2.103,lower-middle,less-least
Timor-Leste,TLS,2008,1032.429,34.17,5.171,107.1,8.283,62.858,57.761,1.009,lower-middle,less-least
Timor-Leste,TLS,2009,1058.782,34.145,4.994,107.1,8.449,63.265,55.967,0.117,lower-middle,less-least
Timor-Leste,TLS,2010,1084.679,34.155,4.816,107.1,8.639,63.66,54.263,0.47,lower-middle,less-least
Timor-Leste,TLS,2011,1110.207,34.06,4.614,107.1,8.823,64.022,52.718,-0.159,lower-middle,less-least
Timor-Leste,TLS,2012,1134.885,33.813,4.404,107.1,8.922,64.384,51.187,-0.609,lower-middle,less-least
Timor-Leste,TLS,2013,1158.695,33.558,4.208,107.2,9.021,64.719,49.78,-1.206,lower-middle,less-least
Timor-Leste,TLS,2014,1181.903,33.159,3.999,107.1,9.119,65.027,48.477,-0.958,lower-middle,less-least
Timor-Leste,TLS,2015,1205.131,32.611,3.779,107.1,9.22,65.326,47.241,-0.02,lower-middle,less-least
Timor-Leste,TLS,2016,1228.312,32.12,3.582,107.1,9.342,65.61,46.062,0.208,lower-middle,less-least
Timor-Leste,TLS,2017,1251.703,31.606,3.399,107.1,9.462,65.898,44.874,1.666,lower-middle,less-least
Timor-Leste,TLS,2018,1275.959,31.236,3.244,107.1,9.586,66.204,43.625,3.062,lower-middle,less-least
Timor-Leste,TLS,2019,1300.945,31.034,3.116,107.1,9.727,66.496,42.436,3.942,lower-middle,less-least
Timor-Leste,TLS,2020,1326.053,30.966,3.011,107.1,9.799,66.919,41.214,3.793,lower-middle,less-least
Timor-Leste,TLS,2021,1350.139,30.689,2.892,107.1,10.588,66.199,40.03,3.111,lower-middle,less-least
Timor-Leste,TLS,2022,1369.295,30.704,2.801,107.1,10.081,67.368,38.736,-5.519,lower-middle,less-least
Timor-Leste,TLS,2023,1384.286,30.561,2.707,107.1,10.065,67.689,37.559,-5.62,lower-middle,less-least
Vietnam,VNM,1950,25100.738,973.3,5.147,106.4,435.08,48.041,93.808,0,lower-middle,less
Vietnam,VNM,1951,25600.268,892.149,4.651,106.4,431.3,48.7,91.107,0,lower-middle,less
Vietnam,VNM,1952,26143.917,1064.377,5.467,106.4,437.925,49.377,88.383,0,lower-middle,less
Vietnam,VNM,1953,26757.964,1042.552,5.274,106.4,440.918,49.959,85.894,0,lower-middle,less
Vietnam,VNM,1954,27427.909,1163.636,5.797,106.4,425.39,52.003,85,0,lower-middle,less
Vietnam,VNM,1955,28166.446,1127.628,5.535,106.4,388.806,54.826,79.389,0,lower-middle,less
Vietnam,VNM,1956,28922.309,1161.168,5.621,106.4,388.249,55.535,76.823,0,lower-middle,less
Vietnam,VNM,1957,29754.428,1285.702,6.145,106.4,394.373,56.167,74.271,0,lower-middle,less
Vietnam,VNM,1958,30658.446,1313.884,6.209,106.4,397.18,56.798,71.787,0,lower-middle,less
Vietnam,VNM,1959,31585.547,1335.851,6.25,106.4,398.355,57.398,69.366,0,lower-middle,less
Vietnam,VNM,1960,32531.933,1352.973,6.273,106.4,397.696,58.046,67.071,0,lower-middle,less
Vietnam,VNM,1961,33409.059,1190.671,5.476,106.4,391.697,58.461,65.072,0,lower-middle,less
Vietnam,VNM,1962,34288.56,1370.575,6.257,106.4,410.55,58.204,64.048,0,lower-middle,less
Vietnam,VNM,1963,35249.101,1408.264,6.385,106.4,447.217,56.897,64.568,0,lower-middle,less
Vietnam,VNM,1964,36201.563,1395.964,6.285,106.4,445.766,57.473,63.193,-6.328,lower-middle,less
Vietnam,VNM,1965,37129.656,1377.038,6.156,106.4,463.278,56.967,62.888,-1.438,lower-middle,less
Vietnam,VNM,1966,38024.836,1347.648,5.968,106.4,471.374,56.914,62.471,1.769,lower-middle,less
Vietnam,VNM,1967,38895.08,1344.79,5.883,106.4,482.729,56.745,62.326,0.394,lower-middle,less
Vietnam,VNM,1968,39734.609,1399.474,6.029,106.4,584.363,52.668,67.708,1.489,lower-middle,less
Vietnam,VNM,1969,40582.096,1423.504,6.013,106.4,545.136,54.791,64.492,0,lower-middle,less
Vietnam,VNM,1970,41475.23,1459.384,6.019,106.4,553.488,54.93,64.098,1.997,lower-middle,less
Vietnam,VNM,1971,42449.276,1514.527,6.069,106.4,551.291,55.585,62.94,76.961,lower-middle,less
Vietnam,VNM,1972,43429.168,1579.568,6.1,106.4,658.055,51.913,67.885,-1.92,lower-middle,less
Vietnam,VNM,1973,44409.861,1638.342,6.108,106.4,576.615,55.677,62.17,-19.937,lower-middle,less
Vietnam,VNM,1974,45413.537,1611.471,5.781,106.4,610.967,54.751,63.067,-34.94,lower-middle,less
Vietnam,VNM,1975,46482.903,1630.898,5.621,106.4,455.718,61.865,53.606,-2.01,lower-middle,less
Vietnam,VNM,1976,47684.931,1661.934,5.461,106.4,429.319,63.669,51.181,-1.733,lower-middle,less
Vietnam,VNM,1977,48954.872,1691.799,5.291,106.3,432.453,64.07,50.281,49.655,lower-middle,less
Vietnam,VNM,1978,50249.552,1721.176,5.104,106.4,434.224,64.529,49.364,-6.592,lower-middle,less
Vietnam,VNM,1979,51378.211,1750.046,4.94,106.4,435.492,64.986,48.41,-337.597,lower-middle,less
Vietnam,VNM,1980,52490.101,1758.376,4.795,106.4,436.76,65.338,47.509,-74.791,lower-middle,less
Vietnam,VNM,1981,53738.141,1796.366,4.665,106.4,437.853,65.779,46.542,-109.259,lower-middle,less
Vietnam,VNM,1982,55011.289,1847.487,4.593,106.4,439.542,66.212,45.624,-110.901,lower-middle,less
Vietnam,VNM,1983,56337.921,1897.481,4.524,106.5,443.555,66.545,44.739,-97.706,lower-middle,less
Vietnam,VNM,1984,57706.067,1922.68,4.412,106.5,445.264,66.929,43.758,-97.339,lower-middle,less
Vietnam,VNM,1985,59060.622,1901.443,4.206,106.5,447.505,67.192,42.806,-124.91,lower-middle,less
Vietnam,VNM,1986,60347.048,1853.705,3.955,106.4,445.704,67.55,41.706,-164.183,lower-middle,less
Vietnam,VNM,1987,61584.651,1800.131,3.717,106.4,440.646,68.005,40.468,-128.095,lower-middle,less
Vietnam,VNM,1988,62843.228,1804.44,3.623,106.3,434.31,68.585,39.156,-84.361,lower-middle,less
Vietnam,VNM,1989,64147.348,1862.88,3.641,106.3,439.292,68.805,37.778,-101.113,lower-middle,less
Vietnam,VNM,1990,65504.552,1892.842,3.602,106.3,443.695,69.027,36.233,-57.221,lower-middle,less
Vietnam,VNM,1991,66891.775,1905.689,3.524,106.3,446.345,69.303,34.686,-76.829,lower-middle,less
Vietnam,VNM,1992,68260.337,1866.343,3.353,106.3,446.435,69.62,33.049,-65.285,lower-middle,less
Vietnam,VNM,1993,69586.384,1815.791,3.172,106.3,445.388,69.957,31.431,-72.931,lower-middle,less
Vietnam,VNM,1994,70854.391,1732.551,2.941,106.3,440.998,70.379,29.874,-53.012,lower-middle,less
Vietnam,VNM,1995,72049.94,1637.513,2.7,106.3,433.805,70.871,28.338,-51.147,lower-middle,less
Vietnam,VNM,1996,73156.447,1537.178,2.468,106.4,428.5,71.296,26.928,-48.235,lower-middle,less
Vietnam,VNM,1997,74226.889,1452.809,2.274,106.4,424.745,71.67,25.697,52.382,lower-middle,less
Vietnam,VNM,1998,75299.66,1374.488,2.098,106.5,415.481,72.283,24.289,106.091,lower-middle,less
Vietnam,VNM,1999,76287.452,1341.952,1.999,106.8,416.456,72.575,23.252,-15.01,lower-middle,less
Vietnam,VNM,2000,77154.011,1390.17,2.028,107.3,423.243,72.746,22.232,-144.298,lower-middle,less
Vietnam,VNM,2001,77969.361,1413.038,2.023,109,427.393,72.984,21.359,-177.586,lower-middle,less
Vietnam,VNM,2002,78772.224,1425.422,2.006,107,433.99,73.138,20.525,-193.766,lower-middle,less
Vietnam,VNM,2003,79563.777,1444.171,1.999,104,442.654,73.236,19.796,-216.062,lower-middle,less
Vietnam,VNM,2004,80338.971,1445.763,1.968,108,460.367,73.062,19.267,-220.458,lower-middle,less
Vietnam,VNM,2005,81088.313,1408.413,1.887,106,466.343,73.198,18.758,-208.337,lower-middle,less
Vietnam,VNM,2006,82167.897,1417.335,1.873,109.8,474.297,73.293,18.397,482.399,lower-middle,less
Vietnam,VNM,2007,83633.375,1466.698,1.911,111.6,484.952,73.385,18.06,523.784,lower-middle,less
Vietnam,VNM,2008,85175.788,1504.57,1.933,112.1,496.395,73.455,17.762,571.113,lower-middle,less
Vietnam,VNM,2009,86460.018,1515.454,1.92,110.5,507.732,73.525,17.469,-18.56,lower-middle,less
Vietnam,VNM,2010,87455.152,1522.48,1.906,111.2,516.931,73.611,17.26,-4.443,lower-middle,less
Vietnam,VNM,2011,88468.314,1555.971,1.927,111.9,526.146,73.713,17.064,-4.602,lower-middle,less
Vietnam,VNM,2012,89510.356,1601.508,1.967,112.3,537.795,73.762,16.88,-4.851,lower-middle,less
Vietnam,VNM,2013,90573.104,1620.204,1.98,113.8,548.595,73.821,16.747,-4.979,lower-middle,less
Vietnam,VNM,2014,91679.578,1711.735,2.09,112.2,560.517,73.886,16.553,-4.894,lower-middle,less
Vietnam,VNM,2015,92823.254,1717.064,2.1,112.8,571.142,73.955,16.407,-4.888,lower-middle,less
Vietnam,VNM,2016,94000.117,1627.396,2,112.2,582.358,73.984,16.258,167.652,lower-middle,less
Vietnam,VNM,2017,95176.977,1595.53,1.985,112.1,593.746,74.026,16.107,139.245,lower-middle,less
Vietnam,VNM,2018,96237.319,1485.701,1.88,114.8,602.701,74.1,15.968,96.65,lower-middle,less
Vietnam,VNM,2019,97173.776,1507.477,1.943,111.5,612.164,74.211,15.761,-2.051,lower-middle,less
Vietnam,VNM,2020,98079.191,1494.146,1.957,112.1,570.112,75.383,15.613,-6.457,lower-middle,less
Vietnam,VNM,2021,98935.098,1457.843,1.942,112,658.187,74.145,15.43,-5.418,lower-middle,less
Vietnam,VNM,2022,99680.655,1422.615,1.927,111.1,646.765,74.502,15.246,-78.977,lower-middle,less
Vietnam,VNM,2023,100352.192,1387.961,1.913,110.9,659.98,74.588,15.067,-81.789,lower-middle,less
