name,iso3c,region_sdg,region_geo,grp_income,grp_develop,pop,births,tfr,sex_ratio,deaths,e0,imr,net
Burundi,BDI,Sub-Saharan Africa,Africa,low,less-least,13689450,460882,4.878,102.5,91963,63.651,35.397,1995
Comoros,COM,Sub-Saharan Africa,Africa,lower-middle,less-least,850387,24366,3.878,103.2,6119,66.777,37.172,-2001.9999999999998
Djibouti,DJI,Sub-Saharan Africa,Africa,lower-middle,less-least,1152944,23946,2.609,103.7,8596,65.987,36.297,500
Eritrea,ERI,Sub-Saharan Africa,Africa,low,less-least,3470390,99058,3.713,103.2,20984,68.624,27.089,-15284
Ethiopia,ETH,Sub-Saharan Africa,Africa,low,less-least,128691692,4105685.0000000005,3.989,105.5,767018,67.315,32.962,-11996
Kenya,KEN,Sub-Saharan Africa,Africa,lower-middle,less,55339003,1499998,3.208,102.2,399024,63.646,29.652,-10003
Madagascar,MDG,Sub-Saharan Africa,Africa,low,less-least,31195932,1001244,3.972,103.8,234841,63.632,45.017,-1487
Malawi,MWI,Sub-Saharan Africa,Africa,low,less-least,21104482,662289,3.648,101.4,113181,67.353,29.546,-5811
Mauritius,MUS,Sub-Saharan Africa,Africa,upper-middle,less,1273588,11804,1.241,103.5,11124,74.926,12.898,-2824
Mayotte,MYT,Sub-Saharan Africa,Africa,upper,less,316015,11186,4.616,102.6,854,76.054,8.893,137
Mozambique,MOZ,Sub-Saharan Africa,Africa,low,less-least,33635160,1260855,4.763,102,235520,63.611,49.744,-36276
Réunion,REU,Sub-Saharan Africa,Africa,upper,less,874883,12003,2.174,103,4797,83.547,5.096,-3625
Rwanda,RWA,Sub-Saharan Africa,Africa,low,less-least,13954471,395578,3.698,102.6,82826,67.785,27.509,-9001
Seychelles,SYC,Sub-Saharan Africa,Africa,upper,less,127951,1744,2.133,103.6,1051,72.862,11.81,1809
Somalia,SOM,Sub-Saharan Africa,Africa,low,less-least,18358615,788763,6.132,104.4,180554,58.816,66.277,46217
South Sudan,SSD,Sub-Saharan Africa,Africa,low,less-least,11483374,328308,3.864,103.5,110339,57.617,63.815,455000
Uganda,UGA,Sub-Saharan Africa,Africa,low,less-least,48656601,1712750,4.283,102.9,235583,68.252,28.805,-126181
United Republic of Tanzania,TZA,Sub-Saharan Africa,Africa,lower-middle,less-least,66617606,2346391,4.606,103.1,385799,66.995,28.922,-39388
Zambia,ZMB,Sub-Saharan Africa,Africa,lower-middle,less-least,20723965,685565,4.101,101.1,107917,66.349,38.24,9521
Zimbabwe,ZWE,Sub-Saharan Africa,Africa,lower-middle,less,16340822,496917,3.724,102.5,124412,62.775,33.196,-97380
Angola,AGO,Sub-Saharan Africa,Africa,lower-middle,less-least,36749906,1381370,5.124,102.7,254482,64.617,48.637,-995
Cameroon,CMR,Sub-Saharan Africa,Africa,lower-middle,less,28372687,957392,4.322,103,202882,63.7,47.404,-4798
Central African Republic,CAF,Sub-Saharan Africa,Africa,low,less-least,5152421,238858,6.012,103.2,48529,57.408,68.498,-14682
Chad,TCD,Sub-Saharan Africa,Africa,low,less-least,19319064,819054,6.12,104.2,213123,55.069,64.224,496830
Congo,COG,Sub-Saharan Africa,Africa,lower-middle,less,6182885,189365,4.157,102.6,38880,65.772,28.818,-995
Democratic Republic of the Congo,COD,Sub-Saharan Africa,Africa,low,less-least,105789731,4369683,6.051,102.3,901851,61.895,49.33,-14992
Equatorial Guinea,GNQ,Sub-Saharan Africa,Africa,upper-middle,less,1847549,54694,4.081,103.2,14556,63.707,52.893,3997
Gabon,GAB,Sub-Saharan Africa,Africa,upper-middle,less,2484789,68745,3.647,102.1,15577,68.337,27.464,987
Sao Tome and Principe,STP,Sub-Saharan Africa,Africa,lower-middle,less-least,230871,6507,3.644,102.7,1287,69.718,11.483,-592
Algeria,DZA,Northern Africa and Western Asia,Africa,lower-middle,less,46164219,905981,2.766,104.6,214259,76.261,17.798,-25963
Egypt,EGY,Northern Africa and Western Asia,Africa,lower-middle,less,114535772,2405717,2.75,105.5,625449,71.633,14.556,305006
Libya,LBY,Northern Africa and Western Asia,Africa,upper-middle,less,7305659,124371,2.355,105.7,48610,69.339,16.029,-2001
Morocco,MAR,Northern Africa and Western Asia,Africa,lower-middle,less,37712505,629832,2.23,104.7,212624,75.313,14.328,-39650
Sudan,SDN,Northern Africa and Western Asia,Africa,low,less-least,50042791,1682049,4.323,104.1,320491,66.331,36.222,-1349998
Tunisia,TUN,Northern Africa and Western Asia,Africa,lower-middle,less,12200431,167729,1.832,105.1,74071,76.508,8.975,-14001
Western Sahara,ESH,Northern Africa and Western Asia,Africa,lower-middle,less,579729,8987,2.164,105.1,3678,71.385,23.75,5606
Botswana,BWA,Sub-Saharan Africa,Africa,upper-middle,less,2480244,61294,2.732,103.2,14197,69.163,28.385,-6487
Eswatini,SWZ,Sub-Saharan Africa,Africa,lower-middle,less,1230506,29622,2.753,102.9,9475,64.123,37.577,-8549
Lesotho,LSO,Sub-Saharan Africa,Africa,lower-middle,less-least,2311472,55728,2.694,102.8,24612,57.375,56.514,-5168
Namibia,NAM,Sub-Saharan Africa,Africa,upper-middle,less,2963095,76715,3.212,101.1,18279,67.385,27.194,11675
South Africa,ZAF,Sub-Saharan Africa,Africa,upper-middle,less,63212384,1186793,2.216,104,584015,66.139,27.848,228222
Benin,BEN,Sub-Saharan Africa,Africa,lower-middle,less-least,14111034,478062,4.556,104.1,124132,60.774,52.318,-192
Burkina Faso,BFA,Sub-Saharan Africa,Africa,low,less-least,23025776,728612,4.186,104.2,183375,61.092,52.328,-24957
Cabo Verde,CPV,Sub-Saharan Africa,Africa,lower-middle,less,522331,6440,1.522,103.3,2642,76.059,9.836,-1226
Côte d'Ivoire,CIV,Sub-Saharan Africa,Africa,lower-middle,less,31165654,997001,4.283,103,238741,61.944,51.653,6002
Gambia,GMB,Sub-Saharan Africa,Africa,low,less-least,2697845,82092,4.006,103.2,16975,65.86,29.483,-3000
Ghana,GHA,Sub-Saharan Africa,Africa,lower-middle,less,33787914,888947,3.397,103.8,237869,65.498,30.69,-10003
Guinea,GIN,Sub-Saharan Africa,Africa,lower-middle,less-least,14405468,487595,4.217,104.5,131455,60.74,65.441,-3997
Guinea-Bissau,GNB,Sub-Saharan Africa,Africa,low,less-least,2153339,64679,3.836,104.1,15181,64.085,48.93,-1400
Liberia,LBR,Sub-Saharan Africa,Africa,low,less-least,5493031,170065,3.95,103.9,44333,62.163,55.929,-5002
Mali,MLI,Sub-Saharan Africa,Africa,low,less-least,23769127,951445,5.614,103.3,205047,60.439,60.771,-39953
Mauritania,MRT,Sub-Saharan Africa,Africa,lower-middle,less-least,5022441,172885,4.697,103.3,27725,68.484,30.781,2999
Niger,NER,Sub-Saharan Africa,Africa,low,less-least,26159867,1095892,6.061,104,231746,61.183,64.56,995
Nigeria,NGA,Sub-Saharan Africa,Africa,lower-middle,less,227882945,7509758,4.482,103.8,2675442,54.462,69.469,-57936
Saint Helena,SHN,Sub-Saharan Africa,Africa,upper-middle,less,5289,39,1.636,105.4,89,76.787,12.142,0
Senegal,SEN,Sub-Saharan Africa,Africa,lower-middle,less-least,18077573,531890,3.818,103.1,100882,68.683,24.144,-9999
Sierra Leone,SLE,Sub-Saharan Africa,Africa,low,less-least,8460512,258903.00000000003,3.791,103.4,70116,61.786,71.619,-4000
Togo,TGO,Sub-Saharan Africa,Africa,low,less-least,9304337,289759,4.192,102.8,71661,62.739,41.356,-1997
Kazakhstan,KAZ,Central and Southern Asia,Asia,upper-middle,less,20330104,409417,3.012,106.4,136388,74.402,8.12,-4822
Kyrgyzstan,KGZ,Central and Southern Asia,Asia,lower-middle,less,7073516,150759,2.8,105.6,42200,71.677,14.264,5601
Tajikistan,TJK,Central and Southern Asia,Asia,lower-middle,less,10389799,271420,3.072,106.3,47595,71.79,24.502,-19999
Turkmenistan,TKM,Central and Southern Asia,Asia,upper-middle,less,7364438,160100,2.69,106.7,42575,70.073,31.771,15005
Uzbekistan,UZB,Central and Southern Asia,Asia,lower-middle,less,35652307,943547,3.5,107.9,221249,72.388,11.137,-6004
China,CHN,Eastern and South-Eastern Asia,Asia,upper-middle,less,1422584933,8899881,0.999,110.8,11684177,77.953,5.102,-567724
"China, Hong Kong SAR",HKG,Eastern and South-Eastern Asia,Asia,upper,less,7442734,41294,0.717,107.7,57190,85.511,1.347,-3427
"China, Macao SAR",MAC,Eastern and South-Eastern Asia,Asia,upper,less,713912,4515,0.662,108,3423,83.075,2.284,8807
"China, Taiwan Province of China",TWN,Eastern and South-Eastern Asia,Asia,upper,less,23317145,132404,0.87,106.8,205339,80.559,2.979,-32777
Dem. People's Republic of Korea,PRK,Eastern and South-Eastern Asia,Asia,low,less,26418204,342038,1.78,106,255826,73.642,14.535,-1997
Japan,JPN,Eastern and South-Eastern Asia,Asia,upper,more,124370947,749884,1.208,105.1,1524430,84.712,1.649,175003
Mongolia,MNG,Eastern and South-Eastern Asia,Asia,lower-middle,less,3431932,65019.00000000001,2.685,104.4,20340,71.734,10.551,0
Republic of Korea,KOR,Eastern and South-Eastern Asia,Asia,upper,less,51748739,236394,0.72,105.8,345502,84.329,2.074,87800
Afghanistan,AFG,Central and Southern Asia,Asia,low,less-least,41454761,1469029,4.84,105.1,240296,66.035,43.951,-48958
Bangladesh,BGD,Central and Southern Asia,Asia,lower-middle,less-least,171466990,3489953,2.163,104.9,859075,74.672,22.8,-549918
Bhutan,BTN,Central and Southern Asia,Asia,lower-middle,less,786385,9958,1.462,104.8,4805,72.975,19.34,291
India,IND,Central and Southern Asia,Asia,lower-middle,less,1438069596,23219489,1.975,107.3,9507008,72.003,22.619,-979179
Iran (Islamic Republic of),IRN,Central and Southern Asia,Asia,lower-middle,less,90608707,1173463,1.695,105.2,423367,77.654,9.868,262043.99999999997
Maldives,MDV,Central and Southern Asia,Asia,upper-middle,less,525994,5795,1.575,105.1,1230,81.041,4.312,-2877
Nepal,NPL,Central and Southern Asia,Asia,lower-middle,less-least,29694614,574297,1.984,104.9,205841,70.354,21.905,-409782
Pakistan,PAK,Central and Southern Asia,Asia,lower-middle,less,247504495,6882058,3.605,105.5,1600313,67.649,49.363,-1619557
Sri Lanka,LKA,Central and Southern Asia,Asia,lower-middle,less,22971617,324102,1.974,104.4,162453,77.483,5.098,-28011
Brunei Darussalam,BRN,Eastern and South-Eastern Asia,Asia,upper,less,458949,6237,1.747,107.6,2400,75.327,8.101,0
Cambodia,KHM,Eastern and South-Eastern Asia,Asia,lower-middle,less-least,17423880,361586,2.579,105.2,111340,70.668,19.187,-31837
Indonesia,IDN,Eastern and South-Eastern Asia,Asia,upper-middle,less,281190067,4482359,2.127,106.1,2117706,71.146,17.117,-37501
Lao People's Democratic Republic,LAO,Eastern and South-Eastern Asia,Asia,lower-middle,less-least,7664993,163043,2.421,105.3,47682,68.964,31.716,-10003
Malaysia,MYS,Eastern and South-Eastern Asia,Asia,upper-middle,less,35126298,435989,1.55,106.5,181166,76.657,6.39,181071
Myanmar,MMR,Eastern and South-Eastern Asia,Asia,lower-middle,less-least,54133798,903822,2.115,106.6,495470,66.889,31.785,-34989
Philippines,PHL,Eastern and South-Eastern Asia,Asia,lower-middle,less,114891199,1840477,1.916,108,716490,69.833,20.711,-164284
Singapore,SGP,Eastern and South-Eastern Asia,Asia,upper,less,5789090,47472,0.943,106,27728,83.736,1.727,26996
Thailand,THA,Eastern and South-Eastern Asia,Asia,upper-middle,less,71702435,591200,1.212,106.4,637306,76.412,6.204,19648
Timor-Leste,TLS,Eastern and South-Eastern Asia,Asia,lower-middle,less-least,1384286,30561,2.707,107.1,10065,67.689,37.559,-5620
Viet Nam,VNM,Eastern and South-Eastern Asia,Asia,lower-middle,less,100352192,1387961,1.913,110.9,659980,74.588,15.067,-81789
Armenia,ARM,Northern Africa and Western Asia,Asia,upper-middle,less,2943393,34668,1.714,108.7,27579,75.683,8.664,75000
Azerbaijan,AZE,Northern Africa and Western Asia,Asia,upper-middle,less,10318207,125136,1.67,111.8,67842,74.429,14.946,-84122
Bahrain,BHR,Northern Africa and Western Asia,Asia,upper,less,1569666,19558,1.824,103.8,3278,81.284,5.332,20002
Cyprus,CYP,Northern Africa and Western Asia,Asia,upper,less,1344976,14524,1.389,106.5,9499,81.648,3.12,8697
Georgia,GEO,Northern Africa and Western Asia,Asia,upper-middle,less,3807492,43765,1.81,106.7,45077,74.496,8.142,2003
Iraq,IRQ,Northern Africa and Western Asia,Asia,upper-middle,less,45074049,1159682,3.249,105.7,186266,72.324,19.019,-5710
Israel,ISR,Northern Africa and Western Asia,Asia,upper,less,9256314,172312,2.83,105.5,51294,82.408,2.781,9999
Jordan,JOR,Northern Africa and Western Asia,Asia,lower-middle,less,11439213,235776,2.639,104.9,34873,77.814,11.751,-17445
Kuwait,KWT,Northern Africa and Western Asia,Asia,upper,less,4838782,49342,1.525,104.7,8624,80.405,7.246,50008
Lebanon,LBN,Northern Africa and Western Asia,Asia,lower-middle,less,5773493,93205,2.239,105.3,34419,77.817,15.717,-34193
Oman,OMN,Northern Africa and Western Asia,Asia,upper,less,5049269,85065,2.525,104.3,9597,80.031,8.557,156285
Qatar,QAT,Northern Africa and Western Asia,Asia,upper,less,2979082,29516,1.729,104,2771,82.368,4.176,39995
Saudi Arabia,SAU,Northern Africa and Western Asia,Asia,upper,less,33264292,546038,2.28,105.1,77837,78.732,5.059,325691
State of Palestine,PSE,Northern Africa and Western Asia,Asia,upper-middle,less,5409202,146384,3.311,105.1,38937,65.17,14.182,-24996
Syrian Arab Republic,SYR,Northern Africa and Western Asia,Asia,low,less,23594623,521601,2.712,105.2,118900,72.12,16.736,757309
Türkiye,TUR,Northern Africa and Western Asia,Asia,upper-middle,less,87270501,1072014,1.625,105,551598,77.156,9.163,-318070
United Arab Emirates,ARE,Northern Africa and Western Asia,Asia,upper,less,10642081,104015,1.2,104.6,9916,82.909,4.864,300004
Yemen,YEM,Northern Africa and Western Asia,Asia,low,less-least,39390799,1386914,4.59,105.9,188764,69.295,32.274,-5233
Belarus,BLR,Europe and Northern America,Europe,upper-middle,more,9115680,65050,1.208,105.9,121587,74.434,1.905,-3034
Bulgaria,BGR,Europe and Northern America,Europe,upper-middle,more,6795803,62645,1.749,106,102980,75.636,4.724,5173
Czechia,CZE,Europe and Northern America,Europe,upper,more,10809716,91845,1.448,105.3,113525,79.834,2.225,-14638
Hungary,HUN,Europe and Northern America,Europe,upper,more,9686463,85373,1.486,105.9,128062.99999999999,77.024,3.19,49213
Poland,POL,Europe and Northern America,Europe,upper,more,38762844,317916,1.299,106,412310,78.633,3.19,-7824
Republic of Moldova,MDA,Europe and Northern America,Europe,upper-middle,more,3067070,32986,1.731,106.2,41730,71.198,11.681,-18570
Romania,ROU,Europe and Northern America,Europe,upper,more,19118479,183623,1.713,105.5,257119.00000000003,75.938,4.849,-27780
Russian Federation,RUS,Europe and Northern America,Europe,upper-middle,more,145440500,1297207,1.449,105.7,1794857,73.154,3.542,27807
Slovakia,SVK,Europe and Northern America,Europe,upper,more,5518055,52271,1.56,105.5,54167,78.341,4.517,4933
Ukraine,UKR,Europe and Northern America,Europe,lower-middle,more,37732836,212231,0.977,106.3,495421,73.422,5.893,-299961
Denmark,DNK,Europe and Northern America,Europe,upper,more,5948136,57810,1.511,105.7,57275,81.933,2.888,31006
Estonia,EST,Europe and Northern America,Europe,upper,more,1367196,11036,1.35,106.1,16693,79.153,1.399,5717
Faroe Islands,FRO,Europe and Northern America,Europe,upper,more,54714,690,2.24,106.7,564,80.179,6.109,599
Finland,FIN,Europe and Northern America,Europe,upper,more,5601185,43556,1.28,105.2,59984,81.91,1.931,38156
Guernsey,GGY,Europe and Northern America,Europe,upper,more,64016.99999999999,521,1.362,105.4,595,83.274,5.793,380
Iceland,ISL,Europe and Northern America,Europe,upper,more,387558,4347,1.54,106,2612,82.691,0.955,4630
Ireland,IRL,Europe and Northern America,Europe,upper,more,5196630,53268,1.598,105.6,35550,82.412,2.864,43873
Isle of Man,IMN,Europe and Northern America,Europe,upper,more,84165,702,1.548,105,882,80.999,10.686,196
Jersey,JEY,Europe and Northern America,Europe,upper,more,103674,853,1.371,105.4,1150,79.707,8.607,480
Latvia,LVA,Europe and Northern America,Europe,upper,more,1882396,14250,1.338,106.4,27614,76.19,2.902,7966
Lithuania,LTU,Europe and Northern America,Europe,upper,more,2854099,21434,1.201,105.2,40940,76.025,2.828,44935
Norway,NOR,Europe and Northern America,Europe,upper,more,5519167,51545,1.405,106.2,44143,83.308,1.881,53806
Sweden,SWE,Europe and Northern America,Europe,upper,more,10551494,97915,1.43,105.6,93944,83.262,1.861,55209
United Kingdom,GBR,Europe and Northern America,Europe,upper,more,68682962,688388,1.56,105.5,653747,81.302,3.703,445523
Albania,ALB,Europe and Northern America,Europe,upper-middle,more,2811655,28803,1.348,107,23428,79.602,8.137,-25357
Andorra,AND,Europe and Northern America,Europe,upper,more,80856,555,1.082,106.2,491,84.041,5.276,1061
Bosnia and Herzegovina,BIH,Europe and Northern America,Europe,upper-middle,more,3185073,24569,1.486,106.7,42861,77.85,5.326,-485
Croatia,HRV,Europe and Northern America,Europe,upper,more,3896023,31446,1.468,106,55029,78.58,3.504,10202
Gibraltar,GIB,Europe and Northern America,Europe,upper,more,38471,464,1.888,106.5,250,83.553,8.311,689
Greece,GRC,Europe and Northern America,Europe,upper,more,10242908,73661,1.334,106.4,127018,81.857,3.325,-159430
Holy See,VAT,Europe and Northern America,Europe,upper,more,496,2,1,105,13,82.985,6.024,0
Italy,ITA,Europe and Northern America,Europe,upper,more,59499453,384627,1.198,105.9,663448,83.716,2.244,150189
Kosovo (under UNSC res. 1244),XKX,Europe and Northern America,Europe,upper-middle,more,1700031,20514,1.545,107.1,9981,78.033,8.078,-28754
Malta,MLT,Europe and Northern America,Europe,upper,more,532956,4213,1.098,106.7,3928,83.299,6.233,6591
Montenegro,MNE,Europe and Northern America,Europe,upper-middle,more,633552,6981,1.803,106.9,7209,77.087,1.718,12000
North Macedonia,MKD,Europe and Northern America,Europe,upper-middle,more,1831802,16878,1.465,107.7,19863,77.395,4.716,-5597
Portugal,PRT,Europe and Northern America,Europe,upper,more,10430738,86646,1.508,105.6,115917,82.36,2.582,29102
San Marino,SMR,Europe and Northern America,Europe,upper,more,33733,200,1.149,106.6,270,85.706,1.081,-190
Serbia,SRB,Europe and Northern America,Europe,upper-middle,more,6773201,59840,1.5,106.9,93928,76.769,4.166,4348
Slovenia,SVN,Europe and Northern America,Europe,upper,more,2118396,17902,1.576,106.3,21581,81.603,1.81,5339
Spain,ESP,Europe and Northern America,Europe,upper,more,47911579,336821,1.213,106.4,447463,83.67,2.386,119099
Austria,AUT,Europe and Northern America,Europe,upper,more,9130429,77054,1.317,105.5,93223,81.956,2.753,4819
Belgium,BEL,Europe and Northern America,Europe,upper,more,11712893,101686,1.379,104.9,113791,82.115,3.33,41679
France,FRA,Europe and Northern America,Europe,upper,more,66438822,638891,1.639,104.9,616095,83.325,3.503,91862
Germany,DEU,Europe and Northern America,Europe,upper,more,84548231,719249,1.441,105.6,1034140.0000000001,81.378,2.969,609553
Liechtenstein,LIE,Europe and Northern America,Europe,upper,more,39598,371,1.537,116.3,300,83.63,5.608,214
Luxembourg,LUX,Europe and Northern America,Europe,upper,more,665098,6946,1.396,105.3,4642,82.229,4.445,5905
Monaco,MCO,Europe and Northern America,Europe,upper,more,38956,368,2.11,104.9,817,86.372,3.941,88
Netherlands,NLD,Europe and Northern America,Europe,upper,more,18092524,167842,1.43,105.2,166338,82.158,3.388,144558
Switzerland,CHE,Europe and Northern America,Europe,upper,more,8870561,83702,1.433,105.1,73788,83.954,3.176,45098
Anguilla,AIA,Latin America and the Caribbean,Latin America and the Caribbean,upper,less,14410,130,1.364,103.6,96,79.311,4.858,200
Antigua and Barbuda,ATG,Latin America and the Caribbean,Latin America and the Caribbean,upper,less,93316,1106,1.578,103.2,643,77.598,7.475,0
Aruba,ABW,Latin America and the Caribbean,Latin America and the Caribbean,upper,less,107939,1020,1.602,104.3,1034,76.353,11.977,147
Bahamas,BHS,Latin America and the Caribbean,Latin America and the Caribbean,upper,less,399440,4335,1.373,102.8,3480,74.552,10.946,1000.9999999999999
Barbados,BRB,Latin America and the Caribbean,Latin America and the Caribbean,upper,less,282336,3155,1.708,103.5,2996,76.178,9.392,-80
"Bonaire, Sint Eustatius and Saba",BES,Latin America and the Caribbean,Latin America and the Caribbean,upper,less,29898,280,1.473,105,258,77.436,11.01,820
British Virgin Islands,VGB,Latin America and the Caribbean,Latin America and the Caribbean,upper,less,38985,325,1.045,105.3,233,77.276,11.048,587
Cayman Islands,CYM,Latin America and the Caribbean,Latin America and the Caribbean,upper,less,73038,865,1.531,103.6,351,80.358,1.111,921
Cuba,CUB,Latin America and the Caribbean,Latin America and the Caribbean,upper-middle,less,11019931,95938,1.439,107.1,111819,78.085,4.363,-22797
Curaçao,CUW,Latin America and the Caribbean,Latin America and the Caribbean,upper,less,185427,1394,1.073,104.7,1844,76.8,8.605,518
Dominica,DMA,Latin America and the Caribbean,Latin America and the Caribbean,upper-middle,less,66510,738,1.484,103.6,849,71.132,27.739,-199
Dominican Republic,DOM,Latin America and the Caribbean,Latin America and the Caribbean,upper-middle,less,11331265,203183,2.243,104.4,70823,73.72,25.626,-34915
Grenada,GRD,Latin America and the Caribbean,Latin America and the Caribbean,upper-middle,less,117081,1371,1.487,104,1037,75.205,13.111,-190
Guadeloupe,GLP,Latin America and the Caribbean,Latin America and the Caribbean,upper,less,376517,4233,2.089,103.4,3560,82.05,7.557,-2192
Haiti,HTI,Latin America and the Caribbean,Latin America and the Caribbean,lower-middle,less-least,11637398,258348,2.656,103,90966,64.936,43.374,-31786
Jamaica,JAM,Latin America and the Caribbean,Latin America and the Caribbean,upper-middle,less,2839786,33007,1.358,103.9,22933,71.479,15.904,-10003
Martinique,MTQ,Latin America and the Caribbean,Latin America and the Caribbean,upper,less,346002,3728,2.009,102.6,3502,82.565,7.323,-3078
Montserrat,MSR,Latin America and the Caribbean,Latin America and the Caribbean,upper,less,4420,39,1.444,104.3,60,76.186,5.338,-12
Puerto Rico,PRI,Latin America and the Caribbean,Latin America and the Caribbean,upper,less,3242023,18851,0.941,105.2,34664,81.69,5.183,19833
Saint Barthélemy,BLM,Latin America and the Caribbean,Latin America and the Caribbean,upper,less,11085,53,0.801,104,70,84.29,5.26,200
Saint Kitts and Nevis,KNA,Latin America and the Caribbean,Latin America and the Caribbean,upper,less,46758,549,1.505,103.7,466,72.145,12.638,0
Saint Lucia,LCA,Latin America and the Caribbean,Latin America and the Caribbean,upper-middle,less,179285,2019.0000000000002,1.379,103.1,1544,72.697,14.365,0
Saint Martin (French part),MAF,Latin America and the Caribbean,Latin America and the Caribbean,upper,less,27515,470,2.718,104,255,80.224,8.347,-1697
Saint Vincent and the Grenadines,VCT,Latin America and the Caribbean,Latin America and the Caribbean,upper-middle,less,101323,1232,1.775,103.3,1165,71.23,13.241,-784
Sint Maarten (Dutch part),SXM,Latin America and the Caribbean,Latin America and the Caribbean,upper,less,42749,390,1.447,103.9,347,76.371,12.846,567
Trinidad and Tobago,TTO,Latin America and the Caribbean,Latin America and the Caribbean,upper,less,1502932,16094.000000000002,1.532,104.1,12577,73.49,13.516,2126
Turks and Caicos Islands,TCA,Latin America and the Caribbean,Latin America and the Caribbean,upper,less,46198,496,1.463,104.9,342,78.008,4.773,193
United States Virgin Islands,VIR,Latin America and the Caribbean,Latin America and the Caribbean,upper,less,85701,959,2.09,103.9,1321,75.472,4.946,-444
Belize,BLZ,Latin America and the Caribbean,Latin America and the Caribbean,upper-middle,less,411106,7410,2.007,105.2,2025,73.566,8.706,595
Costa Rica,CRI,Latin America and the Caribbean,Latin America and the Caribbean,upper-middle,less,5105525,51969,1.33,104.5,27861,80.799,6.494,995
El Salvador,SLV,Latin America and the Caribbean,Latin America and the Caribbean,upper-middle,less,6309624,99428,1.775,104.8,47443,72.099,9.509,-23253
Guatemala,GTM,Latin America and the Caribbean,Latin America and the Caribbean,upper-middle,less,18124838,377167,2.311,103.9,87523,72.602,17.643,-8940
Honduras,HND,Latin America and the Caribbean,Latin America and the Caribbean,lower-middle,less,10644851,233793,2.5,105.1,47670,72.884,12.954,-5044
Mexico,MEX,Latin America and the Caribbean,Latin America and the Caribbean,upper-middle,less,129739759,2037689,1.91,103.9,799366,75.069,10.347,-101044
Nicaragua,NIC,Latin America and the Caribbean,Latin America and the Caribbean,lower-middle,less,6823613,132214,2.218,103.5,31294,74.947,12.262,-7996
Panama,PAN,Latin America and the Caribbean,Latin America and the Caribbean,upper,less,4458759,71469,2.119,105.4,21272,79.594,12.561,7262
Argentina,ARG,Latin America and the Caribbean,Latin America and the Caribbean,upper-middle,less,45538401,503823,1.5,105.1,349195,77.395,8.98,4133
Bolivia (Plurinational State of),BOL,Latin America and the Caribbean,Latin America and the Caribbean,lower-middle,less,12244159,260151,2.547,104.2,87812,68.581,31.822,-3008
Brazil,BRA,Latin America and the Caribbean,Latin America and the Caribbean,upper-middle,less,211140729,2601670,1.619,104.5,1494154,75.848,12.052,-240059
Chile,CHL,Latin America and the Caribbean,Latin America and the Caribbean,upper,less,19658835,176196,1.167,104.3,127691,81.167,4.139,62679
Colombia,COL,Latin America and the Caribbean,Latin America and the Caribbean,upper-middle,less,52321152,705009,1.645,104.5,282433,77.725,9.835,154521
Ecuador,ECU,Latin America and the Caribbean,Latin America and the Caribbean,upper-middle,less,17980083,270300,1.823,104.7,92204,77.392,9.649,-21948
Falkland Islands (Malvinas),FLK,Latin America and the Caribbean,Latin America and the Caribbean,upper,less,3477,39,1.685,103,27,79.213,9.169,-21
French Guiana,GUF,Latin America and the Caribbean,Latin America and the Caribbean,upper,less,303402,7707,3.388,103.6,1502,76.978,8.919,-1091
Guyana,GUY,Latin America and the Caribbean,Latin America and the Caribbean,upper,less,826353,16764,2.412,103.7,6049,70.18,21.338,-6161
Paraguay,PRY,Latin America and the Caribbean,Latin America and the Caribbean,upper-middle,less,6844146,136778,2.422,105,39034,73.844,13.976,-12500
Peru,PER,Latin America and the Caribbean,Latin America and the Caribbean,upper-middle,less,33845617,539623,1.98,104.1,185861,77.74,11.689,24783
Suriname,SUR,Latin America and the Caribbean,Latin America and the Caribbean,upper-middle,less,628886,10879,2.249,104,4182,73.631,14.105,-988
Uruguay,URY,Latin America and the Caribbean,Latin America and the Caribbean,upper,less,3388081,33443,1.409,105.5,33145,78.138,5.599,-1501
Venezuela (Bolivarian Republic of),VEN,Latin America and the Caribbean,Latin America and the Caribbean,lower-middle,less,28300854,426984,2.079,105.3,213955,72.514,15.71,-112899
Bermuda,BMU,Europe and Northern America,Northern America,upper,more,64697.99999999999,521,1.401,104,573,82.309,1.981,0
Canada,CAN,Europe and Northern America,Northern America,upper,more,39299105,356745,1.349,105.5,311824,82.63,4.264,433842
Greenland,GRL,Europe and Northern America,Northern America,upper,more,55922,789,1.95,105,551,70.055,9.894,-318
Saint Pierre and Miquelon,SPM,Europe and Northern America,Northern America,upper,more,5681,30,1.267,105.4,82,76.758,8.148,0
United States of America,USA,Europe and Northern America,Northern America,upper,more,343477335,3657476,1.624,104.9,2975658,79.304,5.282,1322668
Australia,AUS,Australia/New Zealand,Oceania,upper,more,26451124,304340,1.638,105.6,183924,83.923,3.191,140232
New Zealand,NZL,Australia/New Zealand,Oceania,upper,more,5172836,59236,1.667,105.3,37686,82.088,4.342,21404
Fiji,FJI,Oceania (excluding Australia and New Zealand),Oceania,upper-middle,less,924145,16631,2.281,107.1,8553,67.316,22.856,-3289
New Caledonia,NCL,Oceania (excluding Australia and New Zealand),Oceania,upper,less,289870,4134,1.98,105.9,1818,78.766,9.378,485
Papua New Guinea,PNG,Oceania (excluding Australia and New Zealand),Oceania,lower-middle,less,10389635,255331,3.099,107.7,67700,66.134,32.15,-787
Solomon Islands,SLB,Oceania (excluding Australia and New Zealand),Oceania,lower-middle,less-least,800005,21548,3.557,107,4113,70.528,14.515,1636
Vanuatu,VUT,Oceania (excluding Australia and New Zealand),Oceania,lower-middle,less,320409,8988,3.596,107,1629,71.477,14.765,0
Guam,GUM,Oceania (excluding Australia and New Zealand),Oceania,upper,less,166506,2941,2.781,107,1144,77.209,11.434,-500
Kiribati,KIR,Oceania (excluding Australia and New Zealand),Oceania,lower-middle,less-least,132530,3421,3.147,107.1,934,66.473,43.254,-485
Marshall Islands,MHL,Oceania (excluding Australia and New Zealand),Oceania,upper-middle,less,38827,821,2.919,107,271,66.945,22.132,-1832
Micronesia (Fed. States of),FSM,Oceania (excluding Australia and New Zealand),Oceania,lower-middle,less,112630,2512,2.748,107,860,67.198,18.84,-1134
Nauru,NRU,Oceania (excluding Australia and New Zealand),Oceania,upper,less,11875,303,3.331,107.2,89,62.109,20.454,-148
Northern Mariana Islands,MNP,Oceania (excluding Australia and New Zealand),Oceania,upper,less,45143,583,2.348,115.1,212,78.808,4.86,-1321
Palau,PLW,Oceania (excluding Australia and New Zealand),Oceania,upper-middle,less,17727,193,1.907,107.7,204,69.269,18.13,-19
American Samoa,ASM,Oceania (excluding Australia and New Zealand),Oceania,upper,less,47521,731,2.286,106,334,72.852,8.434,-1159
Cook Islands,COK,Oceania (excluding Australia and New Zealand),Oceania,upper-middle,less,14222,178,2.045,106,132,75.282,5.54,-558
French Polynesia,PYF,Oceania (excluding Australia and New Zealand),Oceania,upper,less,281118,3066,1.501,105.9,1026,84.07,5.255,-1348
Niue,NIU,Oceania (excluding Australia and New Zealand),Oceania,upper-middle,less,1817,25,2.514,107.1,27,69.978,19.481,0
Samoa,WSM,Oceania (excluding Australia and New Zealand),Oceania,lower-middle,less,216663,5503,3.829,107.6,1334,71.698,13.118,-2810
Tokelau,TKL,Oceania (excluding Australia and New Zealand),Oceania,upper,less,2397,47,2.612,103,14,77.051,4.02,73
Tonga,TON,Oceania (excluding Australia and New Zealand),Oceania,upper-middle,less,104597,2418,3.129,108.1,674,72.895,8.96,-2173
Tuvalu,TUV,Oceania (excluding Australia and New Zealand),Oceania,upper-middle,less-least,9816,226,3.208,107,90,67.105,16.121,-323
Wallis and Futuna Islands,WLF,Oceania (excluding Australia and New Zealand),Oceania,upper,less,11370,98,1.41,104.8,88,78.629,11.11,-107
