name,iso3c,year,pop,growth_rate,tfr,sex_ratio,e0,imr,net
Brunei,BRN,1950,48297,5.959,6.977,107,50.565,128.595,1.375
Brunei,BRN,1951,51190,5.682,7.028,107,51.538,121.147,1.239
Brunei,BRN,1952,54233,5.862,7.1,106.9,52.439,114.095,1.369
Brunei,BRN,1953,57559,6.036,7.2,106.9,53.322,107.307,1.51
Brunei,BRN,1954,61209,6.256,7.308,106.9,54.169,100.803,1.693
Brunei,BRN,1955,65209.99999999999,6.405,7.397,106.8,54.978,94.585,1.84
Brunei,BRN,1956,69548,6.473,7.448,106.7,55.74,88.66,1.972
Brunei,BRN,1957,74164,6.383,7.476,106.6,56.51,83.022,2.029
Brunei,BRN,1958,78972,6.188,7.475,106.4,57.265,77.671,1.976
Brunei,BRN,1959,83842,5.791,7.421,106.4,58.02,72.573,1.809
Brunei,BRN,1960,88347,4.704,7.322,106.5,58.721,67.856,0.982
Brunei,BRN,1961,92517,4.526,7.185,106.6,59.387,63.542,1.014
Brunei,BRN,1962,96719,4.36,7.03,106.6,58.824,59.63,1.088
Brunei,BRN,1963,101159,4.612,6.893,106.7,60.625,56.088,1.469
Brunei,BRN,1964,105922,4.589,6.773,106.8,61.267,52.854,1.595
Brunei,BRN,1965,110838,4.487,6.647,106.8,61.721,50.092,1.655
Brunei,BRN,1966,115874,4.401,6.514,106.7,62.401,47.308,1.697
Brunei,BRN,1967,121017,4.287,6.372,106.6,62.909,44.876,1.703
Brunei,BRN,1968,126222,4.139,6.204,106.6,63.47,42.615,1.677
Brunei,BRN,1969,131446,3.974,6.008,106.7,63.963,40.5,1.608
Brunei,BRN,1970,135138,1.601,5.801,106.7,64.49,38.412,-1.538
Brunei,BRN,1971,137921,2.467,5.619,106.8,64.975,36.317,-0.476
Brunei,BRN,1972,142189,3.611,5.5,106.9,65.447,34.186,1.053
Brunei,BRN,1973,147369,3.547,5.355,106.9,65.95,32.02,1.007
Brunei,BRN,1974,152656,3.502,5.183,106.9,66.442,29.817,1.011
Brunei,BRN,1975,158070,3.468,4.99,106.9,66.95,27.632,1.047
Brunei,BRN,1976,163607,3.418,4.784,106.9,67.411,25.501,1.08
Brunei,BRN,1977,169277,3.397,4.58,106.9,67.833,23.461,1.157
Brunei,BRN,1978,174884,3.125,4.389,106.9,68.258,21.545,0.791
Brunei,BRN,1979,180422,3.111,4.216,106.9,68.642,19.779,0.899
Brunei,BRN,1980,186111,3.098,4.067,107,69.014,18.186,0.995
Brunei,BRN,1981,191977,3.108,3.943,106.9,69.344,16.773,1.124
Brunei,BRN,1982,198165,3.234,3.841,106.9,69.669,15.543,1.475
Brunei,BRN,1983,204741,3.294,3.751,106.9,69.991,14.496,1.602
Brunei,BRN,1984,211661,3.352,3.68,106.8,70.236,13.621,1.722
Brunei,BRN,1985,218919,3.391,3.612,106.9,70.499,12.908,1.808
Brunei,BRN,1986,226495,3.412,3.549,107.1,70.762,12.342,1.897
Brunei,BRN,1987,233860,2.994,3.491,107.2,70.982,11.905,0.994
Brunei,BRN,1988,240913,2.949,3.435,107.3,71.183,11.574,0.962
Brunei,BRN,1989,248064,2.902,3.364,107.2,71.408,11.326,1.002
Brunei,BRN,1990,255292,2.844,3.29,107.2,71.629,11.134,0.992
Brunei,BRN,1991,262596,2.799,3.206,107.2,71.858,10.967,1.087
Brunei,BRN,1992,269839,2.645,3.111,107.1,72.09,10.804,0.969
Brunei,BRN,1993,276971,2.573,3.007,107.2,72.333,10.626,1.082
Brunei,BRN,1994,284091,2.504,2.901,107.2,72.571,10.418,1.206
Brunei,BRN,1995,291195,2.437,2.787,107.2,72.838,10.178,1.348
Brunei,BRN,1996,298276,2.369,2.681,107.3,73.079,9.909,1.464
Brunei,BRN,1997,305341,2.315,2.6,107.3,73.326,9.623,1.533
Brunei,BRN,1998,312385,2.248,2.533,107.2,73.584,9.332,1.566
Brunei,BRN,1999,319411,2.201,2.461,107.2,73.806,9.051,1.639
Brunei,BRN,2000,326424,2.143,2.398,107,74.017,8.793,1.66
Brunei,BRN,2001,333345,2.054,2.337,106.9,74.209,8.567,1.569
Brunei,BRN,2002,340099,1.958,2.264,106.7,74.365,8.38,1.499
Brunei,BRN,2003,346637,1.851,2.185,106.7,74.509,8.235,1.383
Brunei,BRN,2004,352911,1.737,2.104,106.7,74.603,8.13,1.261
Brunei,BRN,2005,358916,1.638,2.024,106.8,74.683,8.062,1.163
Brunei,BRN,2006,364663,1.54,1.969,106.9,74.753,8.028,1.03
Brunei,BRN,2007,370873,1.835,1.933,107.1,74.793,8.02,2.291
Brunei,BRN,2008,377793,1.862,1.918,107.2,74.814,8.033,2.409
Brunei,BRN,2009,384952,1.892,1.921,107.4,74.814,8.062,2.489
Brunei,BRN,2010,392332,1.906,1.937,107.4,74.82,8.1,2.479
Brunei,BRN,2011,399389,1.662,1.957,107.5,74.835,8.14,1.399
Brunei,BRN,2012,405557,1.405,1.973,107.7,74.843,8.181,0.346
Brunei,BRN,2013,411202,1.36,1.978,107.9,74.854,8.217,0.285
Brunei,BRN,2014,416750,1.321,1.969,108.1,74.862,8.244,0.303
Brunei,BRN,2015,422212,1.283,1.947,108.3,74.88,8.263,0.356
Brunei,BRN,2016,427564,1.237,1.915,108.4,74.905,8.271,0.415
Brunei,BRN,2017,432772,1.185,1.881,108.5,74.943,8.269,0.44
Brunei,BRN,2018,437810,1.13,1.848,108.4,74.992,8.256,0.45
Brunei,BRN,2019,442680,1.083,1.819,108.2,75.049,8.235,0.456
Brunei,BRN,2020,447404,1.04,1.796,108,75.114,8.207,0.462
Brunei,BRN,2021,451721,0.881,1.778,107.9,74.869,8.174,0
Brunei,BRN,2022,455370,0.728,1.764,107.7,72.917,8.137,0
Brunei,BRN,2023,458949,0.837,1.747,107.6,75.327,8.101,0
Cambodia,KHM,1950,4375257,2.275,6.53,105.3,38.859,166.612,1.856
Cambodia,KHM,1951,4475692,2.265,6.514,105.3,39.037,164.995,1.415
Cambodia,KHM,1952,4577961,2.254,6.509,105.3,39.339,163.347,0.094
Cambodia,KHM,1953,4680450,2.175,6.519,105.3,39.618,161.67,-4.781
Cambodia,KHM,1954,4783833,2.194,6.516,105.3,39.905,159.921,-4.464
Cambodia,KHM,1955,4890372,2.211,6.526,105.3,40.253,158.083,-4.946
Cambodia,KHM,1956,4999484,2.203,6.509,105.3,40.504,156.139,-5.408
Cambodia,KHM,1957,5110434,2.187,6.481,105.3,40.871,154.09,-6.406
Cambodia,KHM,1958,5220834,2.088,6.425,105.3,41.218,151.948,-10.894
Cambodia,KHM,1959,5332930,2.16,6.361,105.3,41.652,149.732,-6.266
Cambodia,KHM,1960,5449966,2.182,6.313,105.3,42.134,147.467,-5.339
Cambodia,KHM,1961,5571168,2.217,6.302,105.3,42.588,145.187,-4.764
Cambodia,KHM,1962,5697558,2.269,6.301,105.3,43.079,142.917,-3.578
Cambodia,KHM,1963,5823010,2.089,6.292,105.3,43.612,140.68,-15.929
Cambodia,KHM,1964,5946178,2.097,6.288,105.3,44.044,138.492,-16.516
Cambodia,KHM,1965,6072289,2.1,6.267,105.3,44.497,136.349,-16.93
Cambodia,KHM,1966,6201232,2.102,6.237,105.3,44.948,134.3,-17.216
Cambodia,KHM,1967,6332944,2.101,6.201,105.3,45.193,132.361,-16.983
Cambodia,KHM,1968,6467324,2.098,6.165,105.3,45.586,130.582,-17.745
Cambodia,KHM,1969,6604725,2.106,6.124,105.3,45.935,129.01,-17.676
Cambodia,KHM,1970,6639182,-1.057,6.071,105.3,38.628,127.681,-193.008
Cambodia,KHM,1971,6620880,0.507,6.007,105.3,38.7,126.586,-80.232
Cambodia,KHM,1972,6673886,1.085,5.943,105.3,38.909,125.701,-40.764
Cambodia,KHM,1973,6739726,0.879,5.559,105.4,39.078,124.941,-42.053
Cambodia,KHM,1974,6783240,0.409,4.797,105.4,39.296,124.181,-45.225
Cambodia,KHM,1975,6581371,-6.559,4.103,105.4,12.784,167.608,-47.717
Cambodia,KHM,1976,6134991,-7.522,3.409,105.4,11.632,176.362,-52.741
Cambodia,KHM,1977,5668551,-8.325,2.716,105.4,11.295,177.42,-55.504
Cambodia,KHM,1978,5211653,-8.489,3.338,105.4,11.573,172.839,-84.695
Cambodia,KHM,1979,5088808,3.861,4.556,105.5,41.072,117.458,118.334
Cambodia,KHM,1980,5199872,0.493,5.774,105.5,47.498,115.28,-133.508
Cambodia,KHM,1981,5284495,2.717,6.042,105.4,48.035,112.82,-22.982
Cambodia,KHM,1982,5436432,2.948,6.193,105.4,48.755,110.14,-20.026
Cambodia,KHM,1983,5636203,4.246,6.296,105.4,49.383,107.21,46.428
Cambodia,KHM,1984,5845117,3.055,6.338,105.2,50.089,104.124,-29.141
Cambodia,KHM,1985,6043783,3.62,6.313,105.1,50.799,100.973,4.677
Cambodia,KHM,1986,6285693,4.217,6.226,105,51.555,97.841,43.356
Cambodia,KHM,1987,6557970,4.263,6.097,104.9,53.674,94.964,44.442
Cambodia,KHM,1988,6812014,3.356,5.944,104.9,54.433,92.518,-14.627
Cambodia,KHM,1989,7073473,4.162,5.681,104.9,54.768,90.657,55.125
Cambodia,KHM,1990,7374752,4.18,5.642,104.9,55.205,89.375,58.455
Cambodia,KHM,1991,7686850,4.111,5.588,104.8,55.582,88.882,58.264
Cambodia,KHM,1992,8113083,6.615,5.486,104.7,55.747,88.571,275.823
Cambodia,KHM,1993,8616381,5.457,5.433,104.7,56.036,88.691,187.883
Cambodia,KHM,1994,9239162,8.398,5.281,104.7,56.221,89.421,488.732
Cambodia,KHM,1995,10018497,7.822,5.076,104.8,56.562,89.096,503.042
Cambodia,KHM,1996,10801270,7.246,4.867,104.8,56.832,88.945,508.187
Cambodia,KHM,1997,11570982,6.545,4.395,104.9,57.266,87.704,504.742
Cambodia,KHM,1998,12058173,1.802,4.13,104.9,57.859,85.564,-33.781
Cambodia,KHM,1999,12265731,1.613,3.933,104.9,58.611,82.292,-47.608
Cambodia,KHM,2000,12462336,1.568,3.794,105,59.491,78.252,-50.957
Cambodia,KHM,2001,12658484,1.556,3.687,105,60.457,72.918,-53.815
Cambodia,KHM,2002,12855241,1.529,3.57,104.9,61.395,67.451,-55.245
Cambodia,KHM,2003,13050968,1.493,3.429,105,62.345,62.046,-57.026
Cambodia,KHM,2004,13244731,1.455,3.307,105,63.256,57.028,-58.972
Cambodia,KHM,2005,13439202,1.46,3.238,105,64.113,52.525,-60.473
Cambodia,KHM,2006,13639028,1.491,3.175,105.1,64.886,48.517,-60.315
Cambodia,KHM,2007,13841770,1.46,3.13,105.1,65.549,44.988,-68.653
Cambodia,KHM,2008,14053479,1.575,3.048,105.1,66.147,41.721,-50.809
Cambodia,KHM,2009,14276810,1.578,2.971,105.1,66.747,38.777,-49.354
Cambodia,KHM,2010,14500726,1.534,2.859,105.1,67.311,36.088,-49.781
Cambodia,KHM,2011,14722584,1.503,2.782,105.1,67.869,33.824,-50.941
Cambodia,KHM,2012,14945085,1.497,2.751,105.1,68.371,31.477,-52.874
Cambodia,KHM,2013,15170208,1.493,2.742,105.1,68.755,29.712,-54.554
Cambodia,KHM,2014,15396772,1.472,2.734,105.1,69.117,27.948,-56.536
Cambodia,KHM,2015,15623251,1.449,2.729,105.1,69.398,26.479,-58.101
Cambodia,KHM,2016,15852803,1.469,2.725,105.2,69.635,25.226,-51.324
Cambodia,KHM,2017,16073372,1.296,2.719,105.2,69.842,24.119,-74.362
Cambodia,KHM,2018,16274522,1.192,2.724,105.2,69.993,23.124,-86.702
Cambodia,KHM,2019,16481304,1.332,2.725,105.2,70.127,22.229,-57.268
Cambodia,KHM,2020,16725473.999999998,1.607,2.699,105.2,70.059,21.404,0
Cambodia,KHM,2021,16974305,1.349,2.664,105.2,69.301,20.621,-27.025
Cambodia,KHM,2022,17201724,1.313,2.616,105.2,70.528,19.905,-31.35
Cambodia,KHM,2023,17423880,1.253,2.579,105.2,70.668,19.187,-31.837
Indonesia,IDN,1950,68799025,2.088,5.109,106,40.207,180.897,88.611
Indonesia,IDN,1951,70286303,2.188,5.159,106,40.834,177.203,89.837
Indonesia,IDN,1952,71876432,2.285,5.21,105.9,41.539,173.442,90.588
Indonesia,IDN,1953,73569144,2.369,5.256,105.9,42.208,169.735,91.15
Indonesia,IDN,1954,75367369,2.459,5.314,105.9,42.909,166.009,91.679
Indonesia,IDN,1955,77273507,2.535,5.362,105.8,43.592,162.304,92.424
Indonesia,IDN,1956,79282549,2.597,5.393,105.7,44.304,158.586,93.609
Indonesia,IDN,1957,81390834,2.651,5.418,105.7,44.992,155.019,95.429
Indonesia,IDN,1958,83592762,2.688,5.448,105.7,45.418,151.517,97.881
Indonesia,IDN,1959,85892869,2.741,5.476,105.7,46.2,148.125,99.887
Indonesia,IDN,1960,88296070,2.778,5.505,105.7,46.835,144.838,101.631
Indonesia,IDN,1961,90791249,2.795,5.522,105.7,47.385,141.658,103.628
Indonesia,IDN,1962,93375850,2.818,5.534,105.7,48.141,138.528,106.264
Indonesia,IDN,1963,96051424,2.832,5.551,105.7,48.742,135.484,110.166
Indonesia,IDN,1964,98833749,2.879,5.568,105.7,49.44,132.377,144.819
Indonesia,IDN,1965,101365130,2.188,5.593,105.7,42.762,140.617,-61.145
Indonesia,IDN,1966,103792754,2.541,5.593,105.6,48.406,127.669,-77.645
Indonesia,IDN,1967,106526393,2.657,5.583,105.6,51.309,123.141,-80.138
Indonesia,IDN,1968,109450006,2.757,5.568,105.6,51.888,120.098,55.731
Indonesia,IDN,1969,112517639,2.771,5.553,105.6,52.588,116.918,82.955
Indonesia,IDN,1970,115657495,2.734,5.488,105.6,53.254,113.857,81.368
Indonesia,IDN,1971,118833702,2.685,5.397,105.5,53.823,110.877,79.264
Indonesia,IDN,1972,122039841,2.64,5.315,105.6,54.364,107.981,72.007
Indonesia,IDN,1973,125288515,2.615,5.246,105.6,54.916,105.068,64.991
Indonesia,IDN,1974,128555045,2.534,5.089,105.6,55.443,102.247,61.188
Indonesia,IDN,1975,131843848,2.518,5.032,105.6,55.998,99.538,56.386
Indonesia,IDN,1976,135173655,2.471,4.921,105.8,56.445,96.935,48.01
Indonesia,IDN,1977,138533541,2.44,4.807,105.9,57.09,94.364,45.61
Indonesia,IDN,1978,141953163,2.437,4.732,106,57.607,91.924,45.911
Indonesia,IDN,1979,145434834,2.41,4.625,106.1,58.18,89.564,43.9
Indonesia,IDN,1980,148950540,2.368,4.495,106.3,58.701,87.197,42.254
Indonesia,IDN,1981,152485035,2.323,4.356,106.4,59.096,84.91,44.71
Indonesia,IDN,1982,156052152,2.302,4.247,106.6,59.7,82.599,46.792
Indonesia,IDN,1983,159651381,2.259,4.109,106.7,60.343,80.256,47.375
Indonesia,IDN,1984,163251124,2.201,3.956,106.8,60.891,77.929,43.693
Indonesia,IDN,1985,166776185,2.073,3.725,106.9,61.387,75.526,37.451
Indonesia,IDN,1986,170175065,1.963,3.53,106.8,61.736,73.132,30.988
Indonesia,IDN,1987,173511154,1.92,3.42,106.9,62.087,70.695,26.705
Indonesia,IDN,1988,176855065,1.898,3.353,107,62.386,68.227,25.383
Indonesia,IDN,1989,180201630,1.852,3.247,106.9,62.883,65.727,19.905
Indonesia,IDN,1990,183501098,1.778,3.114,106.9,63.249,63.232,11.539
Indonesia,IDN,1991,186778238,1.763,3.058,106.9,63.703,60.736,3.096
Indonesia,IDN,1992,190043744,1.704,2.95,106.9,64.182,58.298,-2.609
Indonesia,IDN,1993,193305168,1.699,2.9,106.8,64.851,55.851,-3.485
Indonesia,IDN,1994,196591828,1.673,2.851,106.6,65.041,53.502,-2.575
Indonesia,IDN,1995,199888057,1.652,2.809,106.5,65.263,51.229,-1.643
Indonesia,IDN,1996,203204348,1.639,2.782,106.4,65.465,49.048,-1.854
Indonesia,IDN,1997,206536095,1.614,2.742,106.3,65.774,46.987,-4.334
Indonesia,IDN,1998,209826788,1.548,2.66,106.3,65.942,44.971,-11.356
Indonesia,IDN,1999,213004668,1.459,2.568,106.3,66.001,43.07,-28.799
Indonesia,IDN,2000,216077790,1.406,2.503,106.3,66.292,41.259,-42.697
Indonesia,IDN,2001,219097902,1.37,2.466,106.3,66.583,39.543,-64.255
Indonesia,IDN,2002,222088495,1.341,2.436,106.3,66.954,37.901,-83.985
Indonesia,IDN,2003,225048008,1.306,2.41,106.3,67.134,36.357,-97.732
Indonesia,IDN,2004,227926649,1.236,2.415,106.2,65.521,36.858,-77.002
Indonesia,IDN,2005,230871650,1.331,2.452,106.2,67.531,33.491,-76.784
Indonesia,IDN,2006,233951652,1.32,2.457,106.1,67.664,32.253,-75.829
Indonesia,IDN,2007,237062337,1.322,2.476,106.1,67.914,30.932,-77.338
Indonesia,IDN,2008,240157903,1.273,2.44,106,68.085,29.714,-81.364
Indonesia,IDN,2009,243220028,1.261,2.442,106,68.267,28.595,-73.655
Indonesia,IDN,2010,246305322,1.26,2.462,106,68.364,27.52,-57.752
Indonesia,IDN,2011,249470032,1.293,2.515,106,68.629,26.46,-40.543
Indonesia,IDN,2012,252698525,1.279,2.514,106,68.862,25.463,-28.869
Indonesia,IDN,2013,255852467,1.203,2.441,106,69.064,24.509,-27.507
Indonesia,IDN,2014,258877399,1.148,2.393,105.9,69.292,23.593,-27.988
Indonesia,IDN,2015,261799249,1.097,2.346,105.9,69.52,22.711,-28.487
Indonesia,IDN,2016,264627418,1.053,2.311,105.9,69.733,21.882,-28.991
Indonesia,IDN,2017,267346658,0.992,2.253,105.9,69.953,21.09,-29.467
Indonesia,IDN,2018,269951846,0.947,2.219,106,70.08,20.396,-29.911
Indonesia,IDN,2019,272489381,0.924,2.205,106,70.349,19.648,-30.421
Indonesia,IDN,2020,274814866,0.776,2.189,106,68.817,18.973,-18.743
Indonesia,IDN,2021,276758053,0.633,2.166,106,67.452,18.332,-11.248
Indonesia,IDN,2022,278830529,0.858,2.149,106.1,70.925,17.718,-37.501
Indonesia,IDN,2023,281190067,0.828,2.127,106.1,71.146,17.117,-37.501
Laos,LAO,1950,1684550,2.419,6.248,105.3,38.94,207.328,0
Laos,LAO,1951,1725243,2.355,6.233,105.3,39.172,205.135,0
Laos,LAO,1952,1766179,2.335,6.243,105.3,39.427,202.772,0
Laos,LAO,1953,1807812,2.325,6.254,105.3,39.729,200.454,0
Laos,LAO,1954,1850128,2.303,6.245,105.3,40.005,198.113,0
Laos,LAO,1955,1893213,2.301,6.258,105.3,40.311,195.806,0
Laos,LAO,1956,1937229,2.296,6.27,105.3,40.563,193.508,0
Laos,LAO,1957,1982134,2.288,6.268,105.3,40.873,191.109,0
Laos,LAO,1958,2028026,2.29,6.278,105.3,41.177,188.651,0
Laos,LAO,1959,2074485.0000000002,2.24,6.289,105.3,40.746,186.208,0
Laos,LAO,1960,2121514,2.243,6.292,105.3,41.036,183.786,0
Laos,LAO,1961,2169796,2.257,6.31,105.3,41.344,181.494,0
Laos,LAO,1962,2219910,2.309,6.313,105.3,42.272,179.13,0
Laos,LAO,1963,2271061,2.248,6.318,105.3,41.544,176.704,0
Laos,LAO,1964,2322826,2.259,6.313,105.3,41.859,174.393,0
Laos,LAO,1965,2376200,2.284,6.316,105.3,42.222,172.07,0
Laos,LAO,1966,2431084,2.283,6.307,105.3,42.347,170.668,0
Laos,LAO,1967,2487715,2.322,6.306,105.3,42.869,167.444,0
Laos,LAO,1968,2546377,2.339,6.298,105.4,43.183,165.203,0
Laos,LAO,1969,2606959,2.363,6.301,105.3,43.46,163.018,0
Laos,LAO,1970,2669702,2.393,6.31,105.3,43.776,160.857,0
Laos,LAO,1971,2734628,2.412,6.295,105.3,44.122,158.791,0
Laos,LAO,1972,2801660,2.431,6.284,105.3,44.416,156.661,0
Laos,LAO,1973,2870573,2.429,6.281,105.3,44.728,154.518,-0.774
Laos,LAO,1974,2939761,2.335,6.289,105.4,45.886,152.405,-6
Laos,LAO,1975,3005521,2.092,6.287,105.3,46.15,150.301,-13.858
Laos,LAO,1976,3064876,1.822,6.289,105.3,46.012,148.658,-21.738
Laos,LAO,1977,3118923,1.675,6.293,105.3,46.408,146.145,-26.908
Laos,LAO,1978,3171740,1.683,6.298,105.3,46.832,143.49,-27.208
Laos,LAO,1979,3228202,1.844,6.314,105.3,47.46,140.364,-23.317
Laos,LAO,1980,3292573,2.102,6.332,105.3,48.56,136.475,-17.339
Laos,LAO,1981,3366631,2.344,6.35,105.3,49.237,133.249,-11.061
Laos,LAO,1982,3450026,2.547,6.369,105.3,49.931,130.058,-6.184
Laos,LAO,1983,3541001,2.657,6.376,105.3,50.485,126.957,-4.108
Laos,LAO,1984,3637843,2.738,6.37,105.3,51.014,123.989,-2.698
Laos,LAO,1985,3739985,2.799,6.328,105.3,51.579,120.906,-1.376
Laos,LAO,1986,3846715,2.828,6.255,105.2,52.144,117.947,-0.475
Laos,LAO,1987,3957612,2.856,6.205,105.3,52.597,115.046,0
Laos,LAO,1988,4072601,2.872,6.158,105.2,53.077,111.88,-0.08
Laos,LAO,1989,4190974,2.858,6.102,105.2,53.589,108.68,-1.272
Laos,LAO,1990,4311955,2.834,6.057,105.2,54.035,105.692,-3.1
Laos,LAO,1991,4435118,2.799,5.986,105.2,54.7,102.497,-5.39
Laos,LAO,1992,4559646,2.74,5.9,105.1,55.098,99.519,-7.502
Laos,LAO,1993,4685060,2.688,5.798,105.1,55.583,96.307,-9.39
Laos,LAO,1994,4809220,2.546,5.598,105.1,55.81,93.396,-11.782
Laos,LAO,1995,4929409,2.393,5.355,105.1,56.344,90.218,-14.279
Laos,LAO,1996,5045678,2.271,5.148,105.1,56.821,87.216,-16.574
Laos,LAO,1997,5152011,1.904,4.961,105,57.302,84.235,-32.288
Laos,LAO,1998,5248266,1.799,4.792,105,57.549,81.442,-33.997
Laos,LAO,1999,5340784,1.697,4.639,104.9,57.866,78.784,-36.632
Laos,LAO,2000,5431212,1.662,4.429,105,58.317,76.142,-33.965
Laos,LAO,2001,5521482,1.635,4.29,104.9,58.887,73.476,-33.552
Laos,LAO,2002,5610889,1.578,4.132,104.9,59.302,70.809,-33.595
Laos,LAO,2003,5697945,1.502,4.024,104.8,59.643,68.25,-36.572
Laos,LAO,2004,5781626,1.414,3.898,104.7,60.08,65.656,-40.12
Laos,LAO,2005,5869523,1.602,3.685,104.8,60.688,63.146,-24.138
Laos,LAO,2006,5963200,1.565,3.559,104.8,61.074,60.631,-25.286
Laos,LAO,2007,6056236,1.532,3.438,104.8,61.694,58.162,-27.233
Laos,LAO,2008,6148969,1.508,3.331,104.8,62.248,55.83,-28.318
Laos,LAO,2009,6241642,1.484,3.229,104.9,63.023,53.549,-29.545
Laos,LAO,2010,6334194,1.46,3.137,105,63.69,51.378,-30.046
Laos,LAO,2011,6426590,1.437,3.049,105.1,64.505,49.306,-30.538
Laos,LAO,2012,6518978,1.418,2.953,105.1,65.126,47.274,-28.871
Laos,LAO,2013,6611385,1.397,2.872,105.1,65.723,45.511,-27.492
Laos,LAO,2014,6703172,1.361,2.802,105.2,66.35,43.624,-26.881
Laos,LAO,2015,6801645,1.555,2.796,105.2,66.688,42.005,-12.991
Laos,LAO,2016,6908802,1.572,2.744,105.2,67.014,40.394,-11.401
Laos,LAO,2017,7018147,1.569,2.691,105.3,67.345,38.826,-10.4
Laos,LAO,2018,7128045,1.539,2.633,105.3,67.594,37.646,-10.305
Laos,LAO,2019,7237636,1.513,2.589,105.3,67.911,36.232,-10.305
Laos,LAO,2020,7346533,1.474,2.535,105.3,68.339,35.032,-10.305
Laos,LAO,2021,7453194,1.409,2.494,105.3,67.807,33.837,-10.305
Laos,LAO,2022,7559007,1.41,2.455,105.3,68.715,32.741,-10.003
Laos,LAO,2023,7664993,1.375,2.421,105.3,68.964,31.716,-10.003
Malaysia,MYS,1950,6098283,2.558,6.429,105.8,48.491,114.826,7.343
Malaysia,MYS,1951,6257417,2.593,6.428,105.7,49.221,109.631,3.712
Malaysia,MYS,1952,6422846,2.625,6.426,105.6,50.148,104.773,-1.168
Malaysia,MYS,1953,6593943,2.633,6.437,105.5,51.13,100.052,-7.98
Malaysia,MYS,1954,6772378,2.706,6.448,105.5,51.985,95.486,-9.666
Malaysia,MYS,1955,6959963,2.758,6.452,105.4,52.841,91.07,-12.169
Malaysia,MYS,1956,7156626,2.815,6.461,105.4,53.67,86.776,-14.008
Malaysia,MYS,1957,7362822,2.866,6.468,105.5,54.509,82.554,-15.831
Malaysia,MYS,1958,7562878,2.501,6.456,105.4,55.408,78.373,-46.845
Malaysia,MYS,1959,7755786,2.536,6.441,105.4,56.313,74.161,-47.311
Malaysia,MYS,1960,7956197,2.566,6.412,105.5,57.168,70.101,-46.948
Malaysia,MYS,1961,8164443,2.601,6.367,105.5,58.015,66.222,-44.916
Malaysia,MYS,1962,8380172.000000001,2.615,6.296,105.6,58.855,62.563,-43.033
Malaysia,MYS,1963,8602160,2.614,6.191,105.6,59.667,59.188,-40.952
Malaysia,MYS,1964,8828406,2.578,6.03,105.7,60.448,56.161,-38.785
Malaysia,MYS,1965,9056408,2.522,5.836,105.7,61.144,53.398,-36.456
Malaysia,MYS,1966,9284688,2.458,5.635,105.7,61.679,50.978,-33.993
Malaysia,MYS,1967,9507099,2.279,5.433,105.8,62.044,48.876,-42.108
Malaysia,MYS,1968,9725281,2.259,5.291,105.8,62.443,46.868,-40.996
Malaysia,MYS,1969,9947597,2.261,5.159,105.8,62.868,45.004,-39.42
Malaysia,MYS,1970,10178802,2.333,5.035,105.8,63.298,43.254,-31.839
Malaysia,MYS,1971,10423453,2.416,4.924,105.8,63.77,41.365,-20.535
Malaysia,MYS,1972,10676835,2.388,4.822,105.8,64.232,39.477,-21.305
Malaysia,MYS,1973,10935621,2.402,4.727,105.9,64.725,37.526,-21.995
Malaysia,MYS,1974,11200906,2.392,4.619,105.9,65.204,35.531,-21.919
Malaysia,MYS,1975,11471914,2.389,4.501,106,65.697,33.541,-20.48
Malaysia,MYS,1976,11750097,2.403,4.398,106,66.233,31.578,-18.316
Malaysia,MYS,1977,12035713,2.401,4.282,106.1,66.72,29.681,-16.601
Malaysia,MYS,1978,12328157,2.401,4.179,106.1,67.17,27.876,-15.059
Malaysia,MYS,1979,12627862,2.403,4.091,106.1,67.607,26.135,-13.98
Malaysia,MYS,1980,12983363,3.139,4.035,106.2,68.061,24.5,80.617
Malaysia,MYS,1981,13399203,3.166,4.002,106.2,68.461,22.963,84.142
Malaysia,MYS,1982,13832798,3.203,3.967,106.2,68.876,21.529,89.942
Malaysia,MYS,1983,14285907,3.242,3.928,106.2,69.205,20.213,97.862
Malaysia,MYS,1984,14759009,3.273,3.885,106.2,69.551,18.981,106.248
Malaysia,MYS,1985,15252258,3.301,3.804,106.2,69.863,17.87,120.215
Malaysia,MYS,1986,15760419,3.254,3.699,106.3,70.133,16.868,127.081
Malaysia,MYS,1987,16276737,3.194,3.565,106.4,70.351,15.95,137.759
Malaysia,MYS,1988,16796605,3.096,3.502,106.5,70.551,15.138,133.478
Malaysia,MYS,1989,17314997,2.985,3.313,106.7,70.759,14.364,143.544
Malaysia,MYS,1990,17833171,2.914,3.304,106.8,70.952,13.68,135.02
Malaysia,MYS,1991,18342464,2.721,3.339,106.9,71.219,13.045,97.111
Malaysia,MYS,1992,18834572,2.576,3.373,107,71.483,12.468,66.286
Malaysia,MYS,1993,19322664,2.541,3.364,107,71.721,11.969,61.079
Malaysia,MYS,1994,19820446,2.546,3.346,107,71.865,11.452,66.685
Malaysia,MYS,1995,20330599,2.537,3.317,107,71.979,10.99,72.393
Malaysia,MYS,1996,20850087,2.51,3.297,107.1,72.119,10.57,73.04
Malaysia,MYS,1997,21375218,2.466,3.227,107.1,72.296,10.013,79.266
Malaysia,MYS,1998,21906713,2.447,3.12,107.2,72.385,9.49,99.639
Malaysia,MYS,1999,22435531,2.325,3.068,107.2,72.428,8.951,89.335
Malaysia,MYS,2000,22967816,2.364,2.942,106.9,72.732,8.419,125.499
Malaysia,MYS,2001,23526538,2.442,2.807,106.6,73.08,7.938,173.613
Malaysia,MYS,2002,24102477,2.395,2.658,106.4,73.469,7.537,196.227
Malaysia,MYS,2003,24679602,2.338,2.601,106,73.727,7.225,199.51
Malaysia,MYS,2004,25256772,2.286,2.493,106.3,74.027,7.017,212.278
Malaysia,MYS,2005,25836071,2.25,2.391,106.5,74.37,6.861,225.864
Malaysia,MYS,2006,26417909,2.205,2.308,106.7,74.697,6.773,232.971
Malaysia,MYS,2007,26998389,2.143,2.252,106.7,74.961,6.746,229.784
Malaysia,MYS,2008,27570059,2.049,2.262,106.8,75.151,6.695,202.481
Malaysia,MYS,2009,28124778,1.936,2.223,106.8,75.269,6.68,178.41
Malaysia,MYS,2010,28655776,1.806,2.144,106.8,75.376,6.669,157.164
Malaysia,MYS,2011,29162039,1.698,2.153,106.9,75.488,6.665,122.269
Malaysia,MYS,2012,29662831,1.708,2.117,106.9,75.552,6.66,134.975
Malaysia,MYS,2013,30174265,1.711,2.07,106.9,75.464,6.671,149.637
Malaysia,MYS,2014,30696137,1.718,2.058,106.9,75.345,6.676,159.791
Malaysia,MYS,2015,31232798,1.748,2.008,106.8,75.288,6.676,187.663
Malaysia,MYS,2016,31789685,1.786,1.942,106.8,75.371,6.671,222.141
Malaysia,MYS,2017,32355644,1.743,1.893,106.8,75.542,6.661,227.677
Malaysia,MYS,2018,32910966.999999996,1.661,1.838,106.8,75.734,6.632,221.965
Malaysia,MYS,2019,33440595.999999996,1.533,1.777,106.7,75.9,6.594,203.284
Malaysia,MYS,2020,33889558,1.137,1.68,106.6,76.057,6.547,101.907
Malaysia,MYS,2021,34282399,1.168,1.555,106.6,73.917,6.513,188.506
Malaysia,MYS,2022,34695493,1.227,1.55,106.6,75.444,6.459,188.154
Malaysia,MYS,2023,35126298,1.241,1.55,106.5,76.657,6.39,181.071
Myanmar (Burma),MMR,1950,17737117,1.849,5.943,106.6,35.7,201.351,5.2
Myanmar (Burma),MMR,1951,18070418,1.874,5.937,106.6,36.513,196.825,5.001
Myanmar (Burma),MMR,1952,18418009,1.936,5.93,106.6,37.728,191.532,2.738
Myanmar (Burma),MMR,1953,18779900,1.955,5.925,106.6,38.604,186.741,-2.048
Myanmar (Burma),MMR,1954,19156655,2.017,5.923,106.6,39.572,182.068,-0.367
Myanmar (Burma),MMR,1955,19550482,2.053,5.914,106.6,40.442,177.556,-0.13
Myanmar (Burma),MMR,1956,19959221,2.085,5.916,106.6,41.197,173.254,0.237
Myanmar (Burma),MMR,1957,20382704,2.114,5.917,106.6,42.021,169.187,-0.125
Myanmar (Burma),MMR,1958,20816418,2.097,5.91,106.6,42.779,165.337,-6.942
Myanmar (Burma),MMR,1959,21264010,2.157,5.911,106.6,43.414,161.64,4.191
Myanmar (Burma),MMR,1960,21730250,2.181,5.901,106.6,44.086,158.026,8.807
Myanmar (Burma),MMR,1961,22210581,2.192,5.9,106.6,44.603,154.34,11.972
Myanmar (Burma),MMR,1962,22704719,2.209,5.904,106.6,45.264,150.562,13.546
Myanmar (Burma),MMR,1963,23213408,2.222,5.905,106.6,45.951,146.716,14.35
Myanmar (Burma),MMR,1964,23737315,2.241,5.907,106.6,46.653,142.514,15.6
Myanmar (Burma),MMR,1965,24279431,2.275,5.912,106.5,47.405,138.342,18.847
Myanmar (Burma),MMR,1966,24836496,2.262,5.876,106.6,48.181,134.245,15.453
Myanmar (Burma),MMR,1967,25406429,2.275,5.842,106.6,48.86,130.455,18.47
Myanmar (Burma),MMR,1968,25989662,2.264,5.797,106.6,49.4,127.069,17.293
Myanmar (Burma),MMR,1969,26585112,2.266,5.747,106.6,50.02,123.973,17.491
Myanmar (Burma),MMR,1970,27193016,2.256,5.682,106.6,50.47,121.436,17.997
Myanmar (Burma),MMR,1971,27807219,2.212,5.615,106.6,51.027,119.129,6.306
Myanmar (Burma),MMR,1972,28428324,2.206,5.527,106.6,51.397,117.021,10.735
Myanmar (Burma),MMR,1973,29026388,1.96,5.435,106.6,51.763,115.003,-55.659
Myanmar (Burma),MMR,1974,29598167,1.941,5.341,106.6,52.092,113.004,-53.875
Myanmar (Burma),MMR,1975,30176565,1.929,5.249,106.6,52.493,110.97,-52.763
Myanmar (Burma),MMR,1976,30758811,1.893,5.159,106.6,52.908,108.897,-60.561
Myanmar (Burma),MMR,1977,31355966,1.952,5.069,106.6,53.266,106.881,-37.879
Myanmar (Burma),MMR,1978,31972976,1.945,4.985,106.6,53.522,105.161,-36.055
Myanmar (Burma),MMR,1979,32596550,1.918,4.897,106.6,54.026,103.11,-44.174
Myanmar (Burma),MMR,1980,33227203.999999996,1.915,4.789,106.6,54.374,101.254,-37.679
Myanmar (Burma),MMR,1981,33858783,1.852,4.688,106.6,54.699,99.5,-52.839
Myanmar (Burma),MMR,1982,34482965,1.802,4.662,106.6,55.033,97.787,-79.856
Myanmar (Burma),MMR,1983,35162715,2.099,4.633,106.6,55.308,96.141,18.427
Myanmar (Burma),MMR,1984,35899313,2.048,4.517,106.6,55.596,94.548,11.433
Myanmar (Burma),MMR,1985,36622827,1.944,4.316,106.6,55.816,93.037,6.074
Myanmar (Burma),MMR,1986,37314878,1.801,4.081,106.6,56.084,91.529,-7.351
Myanmar (Burma),MMR,1987,37971594,1.689,3.861,106.6,56.353,90.021,-11.642
Myanmar (Burma),MMR,1988,38600927,1.599,3.67,106.6,56.57,88.554,-13.046
Myanmar (Burma),MMR,1989,39214618,1.556,3.593,106.6,56.889,86.929,-26.585
Myanmar (Burma),MMR,1990,39817251,1.495,3.504,106.6,57.159,85.311,-40.859
Myanmar (Burma),MMR,1991,40394154,1.383,3.432,106.5,57.395,83.7,-79.059
Myanmar (Burma),MMR,1992,40950342,1.352,3.354,106.5,57.681,81.964,-80.661
Myanmar (Burma),MMR,1993,41502429,1.326,3.281,106.5,58.032,80.213,-83.214
Myanmar (Burma),MMR,1994,42055143,1.32,3.204,106.5,58.326,78.475,-71.359
Myanmar (Burma),MMR,1995,42605338,1.28,3.127,106.5,58.671,76.839,-75.097
Myanmar (Burma),MMR,1996,43154860,1.283,3.058,106.6,59.169,75.045,-65.766
Myanmar (Burma),MMR,1997,43708798,1.268,2.985,106.6,59.523,73.363,-58.954
Myanmar (Burma),MMR,1998,44257793,1.229,2.912,106.7,59.896,71.639,-62.281
Myanmar (Burma),MMR,1999,44787724,1.152,2.851,106.7,60.107,69.945,-81.874
Myanmar (Burma),MMR,2000,45290841,1.082,2.813,106.7,60.357,68.274,-106.772
Myanmar (Burma),MMR,2001,45771139,1.028,2.793,106.7,60.64,66.581,-131.124
Myanmar (Burma),MMR,2002,46232653,0.979,2.765,106.7,60.925,64.868,-150.232
Myanmar (Burma),MMR,2003,46667192,0.892,2.68,106.7,61.196,63.123,-165.739
Myanmar (Burma),MMR,2004,47068772,0.822,2.588,106.7,61.443,61.352,-169.736
Myanmar (Burma),MMR,2005,47438365,0.743,2.515,106.7,61.72,59.516,-185.009
Myanmar (Burma),MMR,2006,47785135,0.714,2.471,106.7,62.026,57.641,-186.098
Myanmar (Burma),MMR,2007,48125043,0.704,2.447,106.7,62.367,55.731,-184.989
Myanmar (Burma),MMR,2008,48390793,0.398,2.404,106.6,56.364,65.065,-180.533
Myanmar (Burma),MMR,2009,48660459,0.712,2.369,106.6,63.095,51.823,-158.542
Myanmar (Burma),MMR,2010,49024382,0.778,2.335,106.6,63.479,49.911,-116.481
Myanmar (Burma),MMR,2011,49419820,0.829,2.306,106.6,63.859,48.063,-82.713
Myanmar (Burma),MMR,2012,49837446,0.854,2.276,106.6,64.251,46.241,-61.536
Myanmar (Burma),MMR,2013,50262658,0.845,2.264,106.6,64.617,44.5,-62.863
Myanmar (Burma),MMR,2014,50681634,0.815,2.252,106.7,64.994,42.861,-74.901
Myanmar (Burma),MMR,2015,51089056,0.786,2.266,106.7,65.288,41.364,-94.108
Myanmar (Burma),MMR,2016,51495696,0.799,2.27,106.7,65.64,39.896,-87.907
Myanmar (Burma),MMR,2017,51894938,0.745,2.252,106.7,65.909,38.562,-105.415
Myanmar (Burma),MMR,2018,52272247,0.704,2.228,106.7,66.232,37.236,-114.598
Myanmar (Burma),MMR,2019,52640713,0.701,2.206,106.7,66.457,36.034,-100.783
Myanmar (Burma),MMR,2020,53016522,0.721,2.179,106.6,66.612,34.851,-66.213
Myanmar (Burma),MMR,2021,53387102,0.672,2.158,106.6,65.553,33.918,-35.37
Myanmar (Burma),MMR,2022,53756787,0.708,2.131,106.6,66.506,32.909,-34.988
Myanmar (Burma),MMR,2023,54133798,0.69,2.115,106.6,66.889,31.785,-34.989
Philippines,PHL,1950,18849528,3.703,7.129,108,53.578,93.672,81.704
Philippines,PHL,1951,19568081,3.778,7.117,108,54.079,91.236,89.402
Philippines,PHL,1952,20328752,3.848,7.111,108,54.697,88.629,95.138
Philippines,PHL,1953,21132500,3.906,7.104,108,55.395,85.872,98.225
Philippines,PHL,1954,21982503,3.979,7.089,108,55.994,83.251,107.55
Philippines,PHL,1955,22880573,4.028,7.071,108,56.6,80.673,112.798
Philippines,PHL,1956,23825810,4.068,7.052,108,57.246,77.987,116.389
Philippines,PHL,1957,24815855,4.075,7.026,108,57.789,75.403,115.057
Philippines,PHL,1958,25842524,4.034,7.003,108,58.31,72.976,101.49
Philippines,PHL,1959,26907607,4.044,7,108,58.745,70.822,99.74
Philippines,PHL,1960,27891897,3.158,6.996,108,59.175,68.924,-155.354
Philippines,PHL,1961,28792621,3.198,6.994,108,59.469,67.225,-143.597
Philippines,PHL,1962,29723536,3.166,6.98,108,59.755,65.716,-150.903
Philippines,PHL,1963,30674731,3.134,6.952,108,60.018,64.2,-155.267
Philippines,PHL,1964,31643032,3.082,6.886,108,60.13,63.117,-156.342
Philippines,PHL,1965,32625316,3.033,6.799,108,60.41,61.873,-156.782
Philippines,PHL,1966,33617170,2.958,6.691,108,60.623,60.813,-162.127
Philippines,PHL,1967,34621320,2.929,6.572,108,60.804,59.888,-152.812
Philippines,PHL,1968,35638342,2.863,6.448,108,60.917,59.061,-152.017
Philippines,PHL,1969,36660799,2.795,6.333,108,60.981,58.301,-161.517
Philippines,PHL,1970,37622204,2.387,6.218,108,60.827,58.137,-300.923
Philippines,PHL,1971,38518659,2.323,6.083,108,61.065,57.39,-315.363
Philippines,PHL,1972,39408560,2.246,5.937,108,60.911,57.433,-321.491
Philippines,PHL,1973,40294130,2.199,5.787,108,60.741,57.431,-320.091
Philippines,PHL,1974,41174341,2.123,5.693,108,60.816,57.28,-344.674
Philippines,PHL,1975,42120826,2.419,5.596,108,60.904,57.09,-220.296
Philippines,PHL,1976,43201488,2.645,5.505,108,60.869,57.016,-115.73
Philippines,PHL,1977,44367962,2.683,5.442,108,61.431,56.221,-123.608
Philippines,PHL,1978,45575281,2.686,5.393,108,61.531,55.912,-140.372
Philippines,PHL,1979,46807103,2.648,5.255,108,61.727,55.423,-154.684
Philippines,PHL,1980,48043740,2.568,5.108,108,61.884,54.874,-179.832
Philippines,PHL,1981,49311727,2.641,4.973,108,61.942,54.377,-134.484
Philippines,PHL,1982,50695707,2.892,4.917,108,62.175,53.518,-19.912
Philippines,PHL,1983,52194620,2.935,4.867,108,62.349,52.577,-10.229
Philippines,PHL,1984,53726181,2.85,4.77,108,62.426,51.649,-48.739
Philippines,PHL,1985,55213006,2.613,4.664,108,62.735,50.176,-171.539
Philippines,PHL,1986,56645077,2.51,4.563,108,62.875,48.745,-209.835
Philippines,PHL,1987,58157496,2.757,4.509,108,63.299,46.849,-68.149
Philippines,PHL,1988,59739052,2.611,4.449,108,63.711,44.952,-147.523
Philippines,PHL,1989,61265260,2.436,4.365,108,64.105,42.855,-235.884
Philippines,PHL,1990,62854666,2.683,4.322,108,64.382,40.841,-63.296
Philippines,PHL,1991,64382249,2.126,4.273,108,64.622,39.024,-413.3
Philippines,PHL,1992,65926125,2.607,4.161,108,65.353,36.744,-50.338
Philippines,PHL,1993,67530621,2.207,4.098,108,65.661,35.054,-298.337
Philippines,PHL,1994,69019291,2.155,4.079,108,66,33.526,-326.539
Philippines,PHL,1995,70546246,2.221,4.067,108,66.311,32.3,-280.327
Philippines,PHL,1996,72190242,2.385,4.004,108,66.691,31.006,-128.251
Philippines,PHL,1997,73908810,2.322,3.943,108,66.994,30.004,-145.334
Philippines,PHL,1998,75791024,2.703,3.884,108,67.212,29.155,178.274
Philippines,PHL,1999,77753257,2.413,3.825,108,67.503,28.393,-18.323
Philippines,PHL,2000,79625397,2.347,3.754,108,67.789,27.676,-33.868
Philippines,PHL,2001,81401488,2.068,3.719,108,67.829,27.052,-247.496
Philippines,PHL,2002,83068889,1.988,3.651,108,67.886,26.463,-268.52
Philippines,PHL,2003,84731835,1.977,3.591,108,68.049,25.897,-248.066
Philippines,PHL,2004,86394504,1.911,3.524,108,68.301,25.345,-273.743
Philippines,PHL,2005,88015962,1.809,3.448,108,68.423,24.807,-326.063
Philippines,PHL,2006,89508986,1.557,3.466,108,68.172,24.289,-566.647
Philippines,PHL,2007,91075184,1.909,3.403,108,68.549,23.794,-225.977
Philippines,PHL,2008,92699095,1.628,3.401,108,68.643,23.329,-498.48
Philippines,PHL,2009,94384250,1.972,3.376,108,68.631,22.898,-164.411
Philippines,PHL,2010,96337125,2.122,3.315,108,68.883,22.508,13.556
Philippines,PHL,2011,98248614,1.81,3.236,108,69.096,22.165,-240.005
Philippines,PHL,2012,100175512,2.072,3.143,108,69.237,21.872,95.702
Philippines,PHL,2013,102076336,1.691,3.042,108,69.283,21.632,-218.439
Philippines,PHL,2014,103767130,1.595,2.894,108,69.311,21.449,-196.524
Philippines,PHL,2015,105312992,1.364,2.829,108,69.45,21.325,-390.702
Philippines,PHL,2016,106735719,1.32,2.679,108,69.49,21.252,-309.251
Philippines,PHL,2017,108119693,1.257,2.525,108,69.966,21.217,-263.593
Philippines,PHL,2018,109465287,1.217,2.378,108,69.761,21.197,-163.602
Philippines,PHL,2019,110804683,1.215,2.215,108,69.68,21.159,-6.208
Philippines,PHL,2020,112081264,1.077,2.075,108,70.097,21.087,-47.014
Philippines,PHL,2021,113100950,0.736,1.95,108,66.675,20.982,-85.185
Philippines,PHL,2022,113964338,0.784,1.929,108,69.472,20.873,-221.754
Philippines,PHL,2023,114891199,0.835,1.916,108,69.833,20.711,-164.284
Singapore,SGP,1950,1013313,5.244,6.225,106.1,54.092,93.281,20.67
Singapore,SGP,1951,1068035,5.274,6.253,106.1,55.26,84.969,22.18
Singapore,SGP,1952,1126090,5.311,6.286,106.2,56.426,76.984,23.594
Singapore,SGP,1953,1187520,5.312,6.321,106.2,57.467,69.405,24.622
Singapore,SGP,1954,1252281,5.308,6.346,106.2,59.423,62.606,25.106
Singapore,SGP,1955,1320230,5.261,6.375,106.2,61.214,56.723,25.051
Singapore,SGP,1956,1390956,5.178,6.444,106.2,62.617,51.737,24.287
Singapore,SGP,1957,1458271,4.295,6.404,106.2,63.394,47.489,12.676
Singapore,SGP,1958,1515727,3.45,6.316,106.2,64.026,43.817,0.928
Singapore,SGP,1959,1567754,3.302,6.121,106.3,64.794,40.615,0.421
Singapore,SGP,1960,1619322,3.173,5.765,106.3,65.297,37.623,2.008
Singapore,SGP,1961,1670461,3.048,5.418,106,65.686,34.998,3.49
Singapore,SGP,1962,1721176,2.935,5.216,105.9,66.09,32.757,3.714
Singapore,SGP,1963,1771513,2.831,5.159,105.6,66.488,30.864,2.668
Singapore,SGP,1964,1821466,2.732,4.971,105.4,66.712,29.262,3.043
Singapore,SGP,1965,1870822,2.617,4.667,105.4,66.943,27.868,4.199
Singapore,SGP,1966,1919090,2.479,4.452,105.4,67.237,26.595,3.507
Singapore,SGP,1967,1965679,2.32,3.914,105.4,67.331,25.362,6.006
Singapore,SGP,1968,2010092,2.15,3.528,105.7,67.663,24.152,6.792
Singapore,SGP,1969,2052157.0000000002,1.994,3.222,106.1,68.076,22.917,6.763
Singapore,SGP,1970,2091558,1.812,3.068,106.2,68.5,21.645,4.024
Singapore,SGP,1971,2128433,1.685,3.02,106.5,68.796,20.322,0.573
Singapore,SGP,1972,2164334,1.661,3.031,106.7,68.964,18.915,-1.631
Singapore,SGP,1973,2200137,1.621,2.782,106.9,69.357,17.482,-0.495
Singapore,SGP,1974,2235075,1.531,2.351,107.1,69.709,16.114,2.748
Singapore,SGP,1975,2268523,1.441,2.08,107.1,70.232,14.892,4.104
Singapore,SGP,1976,2300743,1.38,2.09,107.3,70.57,13.908,0.949
Singapore,SGP,1977,2331545,1.28,1.826,107.4,70.884,13.171,2.757
Singapore,SGP,1978,2360602,1.197,1.787,107.5,71.163,12.619,0.436
Singapore,SGP,1979,2388157,1.124,1.789,107.7,71.357,12.149,-2.384
Singapore,SGP,1980,2437493,2.947,1.739,107.6,71.528,11.707,42.433
Singapore,SGP,1981,2531802,4.614,1.711,107.8,71.748,11.228,85.869
Singapore,SGP,1982,2627417,2.833,1.672,107.9,72.015,10.69,41.568
Singapore,SGP,1983,2685981,1.589,1.54,107.9,72.415,10.119,11.699
Singapore,SGP,1984,2720923,1,1.54,107.8,72.603,9.549,-4.396
Singapore,SGP,1985,2735030,0.037,1.533,107.6,73.124,8.967,-31.036
Singapore,SGP,1986,2744653,0.664,1.347,107.4,73.564,8.407,-7.858
Singapore,SGP,1987,2781615,2.002,1.487,107.2,74.035,7.855,25.411
Singapore,SGP,1988,2849045,2.779,1.75,107.1,74.049,7.298,40.976
Singapore,SGP,1989,2938655,3.405,1.527,107.1,74.332,6.738,68.031
Singapore,SGP,1990,3039591,3.35,1.583,107,74.598,6.19,66.95
Singapore,SGP,1991,3136291,2.92,1.495,106.9,75.058,5.666,57.821
Singapore,SGP,1992,3226465,2.751,1.485,106.9,75.326,5.189,54.359
Singapore,SGP,1993,3317892,2.836,1.498,106.9,75.533,4.771,58.82
Singapore,SGP,1994,3417817,3.095,1.471,107,75.627,4.431,71.17
Singapore,SGP,1995,3533624,3.562,1.443,107.1,75.725,4.146,91.947
Singapore,SGP,1996,3664560,3.712,1.424,107.2,76.05,3.903,102.018
Singapore,SGP,1997,3796622,3.375,1.372,107.2,76.389,3.687,95.241
Singapore,SGP,1998,3901418,2.089,1.261,107.1,76.851,3.486,51.905
Singapore,SGP,1999,3966557,1.23,1.239,107.2,77.271,3.29,19.681
Singapore,SGP,2000,4035245,2.195,1.342,107.2,77.752,3.1,55.218
Singapore,SGP,2001,4116166,1.78,1.186,107,78.267,2.918,45.027
Singapore,SGP,2002,4146892,-0.285,1.172,106.8,78.736,2.756,-40.023
Singapore,SGP,2003,4138245,-0.133,1.081,106.7,79.178,2.634,-30.012
Singapore,SGP,2004,4172767,1.786,1.071,106.7,79.658,2.501,50.487
Singapore,SGP,2005,4268364,2.733,1.072,106.6,80.271,2.416,92.023
Singapore,SGP,2006,4407058,3.647,1.068,106.6,80.64,2.353,135.625
Singapore,SGP,2007,4596515,4.748,1.069,106.6,80.885,2.307,192.292
Singapore,SGP,2008,4806741,4.209,1.044,106.5,81.099,2.275,176.182
Singapore,SGP,2009,4968568,2.443,1.002,106.5,81.428,2.253,95.841
Singapore,SGP,2010,5077014,1.881,0.934,106.4,81.647,2.236,72.571
Singapore,SGP,2011,5182239,2.218,0.964,106.4,81.942,2.218,89.856
Singapore,SGP,2012,5293340,2.026,1.027,106.4,82.209,2.196,78.501
Singapore,SGP,2013,5385588,1.434,0.949,106.3,82.468,2.175,52.176
Singapore,SGP,2014,5457900,1.235,1.003,106.2,82.615,2.15,40.154
Singapore,SGP,2015,5525340,1.222,0.977,106.2,82.748,2.122,41.852
Singapore,SGP,2016,5577930,0.676,0.943,106.1,82.897,2.088,13.737
Singapore,SGP,2017,5604078,0.261,0.936,106.1,83.095,2.042,-8.88
Singapore,SGP,2018,5634369,0.816,0.948,106,83.378,1.985,21.82
Singapore,SGP,2019,5669563,0.431,0.942,105.9,83.662,1.919,0.87
Singapore,SGP,2020,5620150,-2.193,0.942,105.9,83.661,2.075,-145.556
Singapore,SGP,2021,5546290,-0.441,0.944,105.9,83.485,1.842,-44.03
Singapore,SGP,2022,5649885,4.101,0.943,106,82.921,1.85,214.842
Singapore,SGP,2023,5789090,0.807,0.943,106,83.736,1.727,26.996
Thailand,THA,1950,20428402,2.556,6.359,106.4,45.189,123.671,10.833
Thailand,THA,1951,20965182,2.63,6.384,106.4,45.92,120.733,9.294
Thailand,THA,1952,21527582,2.664,6.396,106.4,46.498,117.762,2.996
Thailand,THA,1953,22109323,2.669,6.416,106.4,47.066,114.823,-9.511
Thailand,THA,1954,22713338,2.721,6.408,106.4,47.62,111.931,-6.859
Thailand,THA,1955,23343181,2.749,6.391,106.4,48.134,109.091,-7.471
Thailand,THA,1956,23997265,2.777,6.373,106.4,48.639,106.303,-7.612
Thailand,THA,1957,24674830,2.791,6.355,106.3,49.128,103.562,-9.786
Thailand,THA,1958,25367005,2.742,6.345,106.3,49.548,100.995,-27.74
Thailand,THA,1959,26088013,2.861,6.332,106.4,50.126,98.252,-2.027
Thailand,THA,1960,26851747,2.909,6.325,106.4,50.608,95.558,6.886
Thailand,THA,1961,27650334,2.952,6.324,106.4,51.065,92.943,14.968
Thailand,THA,1962,28481040,2.968,6.331,106.4,51.444,90.441,16.605
Thailand,THA,1963,29342322,2.99,6.342,106.3,51.988,87.784,16.494
Thailand,THA,1964,30232141,2.985,6.309,106.3,52.539,85.195,17.249
Thailand,THA,1965,31149337,2.992,6.258,106.3,53.131,82.601,22.995
Thailand,THA,1966,32086071,2.934,6.182,106.3,53.729,79.998,12.016
Thailand,THA,1967,33037801,2.912,6.077,106.3,54.316,77.324,17.005
Thailand,THA,1968,34002560,2.846,5.928,106.4,54.977,74.589,13.718
Thailand,THA,1969,34973782,2.788,5.704,106.4,55.705,71.84,26.551
Thailand,THA,1970,35954408,2.744,5.452,106.4,56.47,69.096,49.221
Thailand,THA,1971,36937387,2.652,5.253,106.4,57.1,66.358,43.4
Thailand,THA,1972,37933929,2.672,5.077,106.5,57.746,63.641,73.082
Thailand,THA,1973,38947787,2.604,4.845,106.5,58.323,60.987,80.704
Thailand,THA,1974,39952891,2.493,4.598,106.5,59.031,58.407,72.801
Thailand,THA,1975,40940005,2.39,4.364,106.4,59.713,55.987,66.306
Thailand,THA,1976,41896504,2.231,4.119,106.4,60.371,53.575,40.656
Thailand,THA,1977,42843974,2.241,3.865,106.4,60.906,51.315,88.937
Thailand,THA,1978,43788976,2.123,3.617,106.3,61.266,49.195,82.011
Thailand,THA,1979,44718434,2.078,3.451,106.4,61.696,47.111,85.693
Thailand,THA,1980,45650022,2.046,3.293,106.4,62.186,45.147,88.478
Thailand,THA,1981,46575855,1.97,3.127,106.4,62.856,43.238,78.337
Thailand,THA,1982,47494577,1.937,2.943,106.4,63.603,41.422,101.885
Thailand,THA,1983,48423309,1.936,2.755,106.4,64.5,39.68,143.393
Thailand,THA,1984,49351708,1.863,2.582,106.4,65.55,37.955,139.345
Thailand,THA,1985,50270753,1.828,2.45,106.4,66.543,36.281,141.963
Thailand,THA,1986,51177834,1.749,2.358,106.4,67.308,34.647,111.82
Thailand,THA,1987,52074105,1.723,2.255,106.4,67.833,33.034,122.791
Thailand,THA,1988,52969595,1.687,2.171,106.4,68.194,31.591,128.469
Thailand,THA,1989,53848956,1.606,2.136,106.4,68.557,29.946,90.497
Thailand,THA,1990,54738329,1.669,2.065,106.4,68.924,28.401,152.916
Thailand,THA,1991,55637434,1.59,2.036,106.4,69.132,26.954,124.034
Thailand,THA,1992,56528834,1.589,2.008,106.4,69.353,25.558,143.318
Thailand,THA,1993,57408198,1.499,1.967,106.4,69.568,24.245,122.746
Thailand,THA,1994,58260854,1.45,1.928,106.4,69.661,23.005,132.271
Thailand,THA,1995,59098232,1.404,1.888,106.4,69.757,21.845,147.226
Thailand,THA,1996,59920064,1.358,1.865,106.4,69.94,20.691,152.397
Thailand,THA,1997,60724584,1.31,1.845,106.4,70.362,19.621,150.411
Thailand,THA,1998,61522630,1.302,1.815,106.4,70.703,18.588,183.471
Thailand,THA,1999,62299043,1.207,1.768,106.4,70.979,17.625,173.924
Thailand,THA,2000,63007815,1.056,1.734,106.4,71.205,16.726,121.64
Thailand,THA,2001,63651141,0.976,1.711,106.4,71.52,15.866,96.817
Thailand,THA,2002,64266437,0.948,1.688,106.4,71.775,15.034,105.215
Thailand,THA,2003,64868166,0.916,1.673,106.4,72.101,14.22,105.917
Thailand,THA,2004,65452047,0.877,1.665,106.4,72.1,13.823,107.199
Thailand,THA,2005,66017420,0.844,1.644,106.4,72.894,12.783,100.542
Thailand,THA,2006,66567687.00000001,0.817,1.631,106.4,73.341,12.174,102.362
Thailand,THA,2007,67102394,0.784,1.616,106.4,73.779,11.513,100.486
Thailand,THA,2008,67619830,0.753,1.587,106.4,74.221,10.948,107.333
Thailand,THA,2009,68121080,0.724,1.565,106.4,74.669,10.437,110.883
Thailand,THA,2010,68579447,0.617,1.562,106.4,75.012,10.003,52.791
Thailand,THA,2011,69007208,0.626,1.571,106.4,75.302,9.662,66.607
Thailand,THA,2012,69436098,0.613,1.563,106.4,75.59,9.185,74.033
Thailand,THA,2013,69845114,0.562,1.526,106.4,75.96,8.835,67.452
Thailand,THA,2014,70216367,0.498,1.484,106.4,76.279,8.506,55.358
Thailand,THA,2015,70540795,0.424,1.451,106.4,76.563,8.199,32.5
Thailand,THA,2016,70859841,0.479,1.4,106.4,76.769,7.919,112.978
Thailand,THA,2017,71160187,0.367,1.363,106.4,76.989,7.664,66.805
Thailand,THA,2018,71376079,0.239,1.323,106.4,77.19,7.381,10.984
Thailand,THA,2019,71522271,0.171,1.285,106.4,77.197,7.133,5.221
Thailand,THA,2020,71641484,0.162,1.259,106.4,77.331,6.891,32.277
Thailand,THA,2021,71727332,0.077,1.234,106.4,77.606,6.652,-2.093
Thailand,THA,2022,71735329,-0.055,1.221,106.4,75.291,6.425,21.683
Thailand,THA,2023,71702435,-0.037,1.212,106.4,76.412,6.204,19.648
Timor-Leste,TLS,1950,414762,0.737,6.605,107.1,29.161,272.883,0
Timor-Leste,TLS,1951,418260,0.942,6.591,107.1,29.461,269.907,0
Timor-Leste,TLS,1952,422422,1.038,6.564,107.1,29.763,266.895,0
Timor-Leste,TLS,1953,426988,1.112,6.536,107.1,30.065,263.91,0
Timor-Leste,TLS,1954,431907,1.179,6.509,107.1,30.368,260.943,0
Timor-Leste,TLS,1955,437150,1.234,6.481,107.1,30.674,257.981,0
Timor-Leste,TLS,1956,442699,1.288,6.453,107.1,30.983,255.013,0
Timor-Leste,TLS,1957,448561,1.343,6.424,107.1,31.305,251.97,0
Timor-Leste,TLS,1958,454748,1.397,6.393,107.1,31.656,248.885,0
Timor-Leste,TLS,1959,461269,1.45,6.359,107,32.021,245.726,0
Timor-Leste,TLS,1960,468118,1.498,6.319,107.1,32.402,242.469,0
Timor-Leste,TLS,1961,475291,1.543,6.273,107.1,32.801,239.091,0
Timor-Leste,TLS,1962,482774,1.58,6.218,107.1,33.221,235.575,0
Timor-Leste,TLS,1963,490564,1.621,6.155,107.1,33.665,231.906,0
Timor-Leste,TLS,1964,498659,1.652,6.084,107.1,34.147,227.96,0
Timor-Leste,TLS,1965,507034,1.679,6.008,107.1,34.653,223.826,0
Timor-Leste,TLS,1966,515696,1.708,5.932,107.1,35.174,219.633,0
Timor-Leste,TLS,1967,524648,1.734,5.858,107.1,35.703,215.425,0
Timor-Leste,TLS,1968,533875,1.753,5.788,107.1,36.241,211.227,0
Timor-Leste,TLS,1969,543356,1.767,5.722,107.1,36.802,206.934,0
Timor-Leste,TLS,1970,553069,1.777,5.655,107.1,37.362,202.711,0
Timor-Leste,TLS,1971,562966,1.77,5.58,107.1,37.909,198.631,0
Timor-Leste,TLS,1972,572962,1.75,5.492,107.1,38.443,194.71,0
Timor-Leste,TLS,1973,582855,1.674,5.392,107.1,38.966,190.81,-0.278
Timor-Leste,TLS,1974,590827,1.047,5.287,107.1,36.454,203.742,-2.222
Timor-Leste,TLS,1975,598158,1.417,5.19,107.1,24.314,243.676,9.542
Timor-Leste,TLS,1976,607620,1.719,5.119,107.1,25.863,229.487,9.662
Timor-Leste,TLS,1977,618315,1.77,5.085,107.1,24.875,238.697,10.657
Timor-Leste,TLS,1978,628775,1.586,5.094,107.1,22.933,257.529,10.967
Timor-Leste,TLS,1979,638719,1.552,5.142,107.1,24.172,245.751,8.924
Timor-Leste,TLS,1980,649871,1.907,5.219,107.1,30.196,194.282,5.457
Timor-Leste,TLS,1981,660493,1.34,5.525,107.2,31.247,186.204,-0.482
Timor-Leste,TLS,1982,669149,1.265,5.555,107.2,32.247,177.788,-1.125
Timor-Leste,TLS,1983,677707,1.277,5.586,107.2,32.694,173.669,-1.032
Timor-Leste,TLS,1984,686777,1.382,5.614,107.2,34.468,160.306,-1.436
Timor-Leste,TLS,1985,696665,1.477,5.65,107.2,34.342,160.6,-0.495
Timor-Leste,TLS,1986,707185,1.52,5.672,107.2,34.764,157.185,-0.316
Timor-Leste,TLS,1987,718476,1.647,5.682,107.3,35.974,148.497,-0.106
Timor-Leste,TLS,1988,730745,1.739,5.716,107.3,36.047,147.603,0.587
Timor-Leste,TLS,1989,744856,2.084,5.762,107.4,44.795,143.493,-2.246
Timor-Leste,TLS,1990,760345,2.033,5.811,107.4,45.185,141.682,-2.881
Timor-Leste,TLS,1991,778278,2.623,5.835,107.5,45.076,140.596,1.803
Timor-Leste,TLS,1992,799318,2.711,5.867,107.4,46.19,134.756,1.794
Timor-Leste,TLS,1993,821437,2.747,5.879,107.4,47.008,129.745,1.795
Timor-Leste,TLS,1994,844493,2.788,5.912,107.4,47.861,125.533,1.794
Timor-Leste,TLS,1995,868146,2.737,5.936,107.4,47.543,125.914,1.806
Timor-Leste,TLS,1996,892282,2.747,5.941,107.4,48.26,121.461,1.796
Timor-Leste,TLS,1997,917184,2.758,5.955,107.4,48.968,117.04,1.804
Timor-Leste,TLS,1998,942530,2.695,5.963,107.4,48.583,117.994,1.806
Timor-Leste,TLS,1999,834697,-29.083,5.97,107.4,45.246,120.854,-262.94
Timor-Leste,TLS,2000,745088,8.305,5.934,107.4,58.097,79.358,40.272
Timor-Leste,TLS,2001,812249,8.929,5.918,107.4,58.772,76.165,49.159
Timor-Leste,TLS,2002,879159,6.98,5.899,107.4,59.477,72.921,35.935
Timor-Leste,TLS,2003,916878,1.538,5.846,107.3,60.13,69.946,-12.81
Timor-Leste,TLS,2004,929074,1.108,5.741,107.2,60.743,67.198,-16.447
Timor-Leste,TLS,2005,948311,2.972,5.611,107.2,61.272,64.667,1.759
Timor-Leste,TLS,2006,976597,2.908,5.474,107.1,61.881,62.1,2.184
Timor-Leste,TLS,2007,1004889,2.805,5.333,107,62.396,59.803,2.103
Timor-Leste,TLS,2008,1032429.0000000001,2.605,5.171,107.1,62.858,57.761,1.009
Timor-Leste,TLS,2009,1058782,2.438,4.994,107.1,63.265,55.967,0.117
Timor-Leste,TLS,2010,1084679,2.396,4.816,107.1,63.66,54.263,0.47
Timor-Leste,TLS,2011,1110207,2.259,4.614,107.1,64.022,52.718,-0.159
Timor-Leste,TLS,2012,1134885,2.14,4.404,107.1,64.384,51.187,-0.609
Timor-Leste,TLS,2013,1158695,2.014,4.208,107.2,64.719,49.78,-1.206
Timor-Leste,TLS,2014,1181903,1.953,3.999,107.1,65.027,48.477,-0.958
Timor-Leste,TLS,2015,1205131,1.94,3.779,107.1,65.326,47.241,-0.02
Timor-Leste,TLS,2016,1228312,1.871,3.582,107.1,65.61,46.062,0.208
Timor-Leste,TLS,2017,1251703,1.901,3.399,107.1,65.898,44.874,1.666
Timor-Leste,TLS,2018,1275959,1.937,3.244,107.1,66.204,43.625,3.062
Timor-Leste,TLS,2019,1300945,1.942,3.116,107.1,66.496,42.436,3.942
Timor-Leste,TLS,2020,1326053,1.882,3.011,107.1,66.919,41.214,3.793
Timor-Leste,TLS,2021,1350139,1.719,2.892,107.1,66.199,40.03,3.111
Timor-Leste,TLS,2022,1369295,1.103,2.801,107.1,67.368,38.736,-5.519
Timor-Leste,TLS,2023,1384286,1.075,2.707,107.1,67.689,37.559,-5.62
Vietnam,VNM,1950,25100738,2.144,5.147,106.4,48.041,93.808,0
Vietnam,VNM,1951,25600268,1.8,4.651,106.4,48.7,91.107,0
Vietnam,VNM,1952,26143917,2.396,5.467,106.4,49.377,88.383,0
Vietnam,VNM,1953,26757964,2.249,5.274,106.4,49.959,85.894,0
Vietnam,VNM,1954,27427909,2.692,5.797,106.4,52.003,85,0
Vietnam,VNM,1955,28166446,2.623,5.535,106.4,54.826,79.389,0
Vietnam,VNM,1956,28922309,2.672,5.621,106.4,55.535,76.823,0
Vietnam,VNM,1957,29754428,2.996,6.145,106.4,56.167,74.271,0
Vietnam,VNM,1958,30658446,2.99,6.209,106.4,56.798,71.787,0
Vietnam,VNM,1959,31585547,2.968,6.25,106.4,57.398,69.366,0
Vietnam,VNM,1960,32531933,2.937,6.273,106.4,58.046,67.071,0
Vietnam,VNM,1961,33409059,2.392,5.476,106.4,58.461,65.072,0
Vietnam,VNM,1962,34288560,2.8,6.257,106.4,58.204,64.048,0
Vietnam,VNM,1963,35249101,2.727,6.385,106.4,56.897,64.568,0
Vietnam,VNM,1964,36201563,2.607,6.285,106.4,57.473,63.193,-6.328
Vietnam,VNM,1965,37129656,2.457,6.156,106.4,56.967,62.888,-1.438
Vietnam,VNM,1966,38024836,2.309,5.968,106.4,56.914,62.471,1.769
Vietnam,VNM,1967,38895080,2.217,5.883,106.4,56.745,62.326,0.394
Vietnam,VNM,1968,39734609,2.055,6.029,106.4,52.668,67.708,1.489
Vietnam,VNM,1969,40582096,2.165,6.013,106.4,54.791,64.492,0
Vietnam,VNM,1970,41475230,2.189,6.019,106.4,54.93,64.098,1.997
Vietnam,VNM,1971,42449276,2.451,6.069,106.4,55.585,62.94,76.961
Vietnam,VNM,1972,43429168,2.118,6.1,106.4,51.913,67.885,-1.92
Vietnam,VNM,1973,44409861,2.346,6.108,106.4,55.677,62.17,-19.937
Vietnam,VNM,1974,45413537,2.126,5.781,106.4,54.751,63.067,-34.94
Vietnam,VNM,1975,46482903,2.524,5.621,106.4,61.865,53.606,-2.01
Vietnam,VNM,1976,47684931,2.581,5.461,106.4,63.669,51.181,-1.733
Vietnam,VNM,1977,48954872,2.674,5.291,106.3,64.07,50.281,49.655
Vietnam,VNM,1978,50249552,2.548,5.104,106.4,64.529,49.364,-6.592
Vietnam,VNM,1979,51378211,1.902,4.94,106.4,64.986,48.41,-337.597
Vietnam,VNM,1980,52490101,2.375,4.795,106.4,65.338,47.509,-74.791
Vietnam,VNM,1981,53738141,2.325,4.665,106.4,65.779,46.542,-109.259
Vietnam,VNM,1982,55011289,2.358,4.593,106.4,66.212,45.624,-110.901
Vietnam,VNM,1983,56337921,2.407,4.524,106.5,66.545,44.739,-97.706
Vietnam,VNM,1984,57706067,2.392,4.412,106.5,66.929,43.758,-97.339
Vietnam,VNM,1985,59060622,2.25,4.206,106.5,67.192,42.806,-124.91
Vietnam,VNM,1986,60347048,2.061,3.955,106.4,67.55,41.706,-164.183
Vietnam,VNM,1987,61584651,2,3.717,106.4,68.005,40.468,-128.095
Vietnam,VNM,1988,62843228,2.046,3.623,106.3,68.585,39.156,-84.361
Vietnam,VNM,1989,64147348,2.062,3.641,106.3,68.805,37.778,-101.113
Vietnam,VNM,1990,65504552,2.125,3.602,106.3,69.027,36.233,-57.221
Vietnam,VNM,1991,66891774.99999999,2.067,3.524,106.3,69.303,34.686,-76.829
Vietnam,VNM,1992,68260337,1.985,3.353,106.3,69.62,33.049,-65.285
Vietnam,VNM,1993,69586384,1.865,3.172,106.3,69.957,31.431,-72.931
Vietnam,VNM,1994,70854391,1.748,2.941,106.3,70.379,29.874,-53.012
Vietnam,VNM,1995,72049940,1.6,2.7,106.3,70.871,28.338,-51.147
Vietnam,VNM,1996,73156447,1.45,2.468,106.4,71.296,26.928,-48.235
Vietnam,VNM,1997,74226889,1.456,2.274,106.4,71.67,25.697,52.382
Vietnam,VNM,1998,75299660,1.415,2.098,106.5,72.283,24.289,106.091
Vietnam,VNM,1999,76287452,1.193,1.999,106.8,72.575,23.252,-15.01
Vietnam,VNM,2000,77154011,1.066,2.028,107.3,72.746,22.232,-144.298
Vietnam,VNM,2001,77969361,1.036,2.023,109,72.984,21.359,-177.586
Vietnam,VNM,2002,78772224,1.013,2.006,107,73.138,20.525,-193.766
Vietnam,VNM,2003,79563777,0.987,1.999,104,73.236,19.796,-216.062
Vietnam,VNM,2004,80338971,0.952,1.968,108,73.062,19.267,-220.458
Vietnam,VNM,2005,81088313,0.905,1.887,106,73.198,18.758,-208.337
Vietnam,VNM,2006,82167897,1.735,1.873,109.8,73.293,18.397,482.399
Vietnam,VNM,2007,83633375,1.8,1.911,111.6,73.385,18.06,523.784
Vietnam,VNM,2008,85175788,1.854,1.933,112.1,73.455,17.762,571.113
Vietnam,VNM,2009,86460018,1.144,1.92,110.5,73.525,17.469,-18.56
Vietnam,VNM,2010,87455152,1.145,1.906,111.2,73.611,17.26,-4.443
Vietnam,VNM,2011,88468314,1.159,1.927,111.9,73.713,17.064,-4.602
Vietnam,VNM,2012,89510356,1.183,1.967,112.3,73.762,16.88,-4.851
Vietnam,VNM,2013,90573104,1.178,1.98,113.8,73.821,16.747,-4.979
Vietnam,VNM,2014,91679578,1.25,2.09,112.2,73.886,16.553,-4.894
Vietnam,VNM,2015,92823254,1.229,2.1,112.8,73.955,16.407,-4.888
Vietnam,VNM,2016,94000117,1.29,2,112.2,73.984,16.258,167.652
Vietnam,VNM,2017,95176977,1.199,1.985,112.1,74.026,16.107,139.245
Vietnam,VNM,2018,96237319,1.018,1.88,114.8,74.1,15.968,96.65
Vietnam,VNM,2019,97173776,0.919,1.943,111.5,74.211,15.761,-2.051
Vietnam,VNM,2020,98079191,0.936,1.957,112.1,75.383,15.613,-6.457
Vietnam,VNM,2021,98935098,0.803,1.942,112,74.145,15.43,-5.418
Vietnam,VNM,2022,99680655,0.699,1.927,111.1,74.502,15.246,-78.977
Vietnam,VNM,2023,100352192,0.644,1.913,110.9,74.588,15.067,-81.789
